City_ID,City,Country,Date,Lat,Lng,Max Temp,Humidity,Cloudiness,Wind Speed
0,Saskylakh,RU,2022-03-10 03:21:20,71.9167,114.0833,-19.55,99,59,2.42
1,Ushuaia,AR,2022-03-10 03:18:05,-54.8,-68.3,47.86,71,75,14.97
2,Bluff,NZ,2022-03-10 03:21:21,-46.6,168.3333,71.8,80,100,10.09
3,Severo-Kurilsk,RU,2022-03-10 03:21:21,50.6789,156.125,30.4,93,100,16.84
4,Cape Town,ZA,2022-03-10 03:19:28,-33.9258,18.4232,66.61,82,0,17.27
5,Camocim,BR,2022-03-10 03:21:22,-2.9022,-40.8411,77.14,90,99,8.3
6,Port Macquarie,AU,2022-03-10 03:18:04,-31.4333,152.9167,73.36,64,48,13.04
7,Kudahuvadhoo,MV,2022-03-10 03:21:23,2.6708,72.8944,81.52,67,10,3.56
8,Punta Arenas,CL,2022-03-10 03:21:23,-53.15,-70.9167,48.31,87,75,6.91
9,Port Alfred,ZA,2022-03-10 03:21:24,-33.5906,26.891,71.37,85,12,21.99
10,Komsomolskiy,UZ,2022-03-10 03:21:25,40.4272,71.7189,49.42,76,70,2.3
11,Mar Del Plata,AR,2022-03-10 03:19:12,-38.0023,-57.5575,64.42,77,100,4.61
12,Busselton,AU,2022-03-10 03:21:26,-33.65,115.3333,95.04,35,100,2.89
13,Bundaberg,AU,2022-03-10 03:21:26,-24.85,152.35,85.21,76,40,18.41
14,Esik,KZ,2022-03-10 03:21:26,43.3552,77.4525,40.42,94,100,2.98
15,Ilulissat,GL,2022-03-10 03:21:27,69.2167,-51.1,3.22,60,100,16.11
16,Mataura,NZ,2022-03-10 03:21:28,-46.1927,168.8643,71.47,47,100,1.63
17,Katsuura,JP,2022-03-10 03:21:28,35.1333,140.3,53.64,53,55,6.64
18,Upernavik,GL,2022-03-10 03:21:29,72.7868,-56.1549,-13.25,97,100,1.34
19,Tuktoyaktuk,CA,2022-03-10 03:21:29,69.4541,-133.0374,-18.4,76,75,5.75
20,Bredasdorp,ZA,2022-03-10 03:21:30,-34.5322,20.0403,66.27,82,99,5.93
21,Bethanien,NA,2022-03-10 03:21:31,-26.502,17.1583,77.81,47,81,11.12
22,Stephenville,US,2022-03-10 03:19:25,32.2207,-98.2023,47.01,42,0,6.91
23,Salalah,OM,2022-03-10 03:19:30,17.0151,54.0924,69.89,78,0,2.3
24,Jinchang,CN,2022-03-10 03:21:32,38.4953,102.1739,59.27,19,0,3.29
25,Kavaratti,IN,2022-03-10 03:21:32,10.5669,72.642,81.63,72,10,3.98
26,Kjollefjord,NO,2022-03-10 03:21:33,70.9457,27.3465,30.6,76,100,17.31
27,Bambous Virieux,MU,2022-03-10 03:21:33,-20.3428,57.7575,80.22,94,40,3.44
28,Yellowknife,CA,2022-03-10 03:19:52,62.456,-114.3525,-7.08,59,20,18.41
29,Ponta Do Sol,PT,2022-03-10 03:21:34,32.6667,-17.1,59.72,73,26,1.36
30,Rikitea,PF,2022-03-10 03:21:35,-23.1203,-134.9692,79.23,69,95,7.7
31,Gongzhuling,CN,2022-03-10 03:21:35,43.5008,124.8198,47.26,56,98,14.97
32,Bud,US,2022-03-10 03:21:36,39.447,-86.1758,41.92,78,12,1.92
33,Saint-Philippe,RE,2022-03-10 03:21:37,-21.3585,55.7679,79.84,86,34,8.41
34,Cascais,PT,2022-03-10 03:21:37,38.6979,-9.4215,57.06,71,26,4.0
35,Cayenne,GF,2022-03-10 03:21:38,4.9333,-52.3333,81.09,58,40,3.44
36,Nha Trang,VN,2022-03-10 03:17:54,12.25,109.1833,84.2,56,60,8.28
37,Bihar,RO,2022-03-10 03:18:17,47.15,21.9167,31.77,69,11,12.66
38,Puerto Ayora,EC,2022-03-10 03:21:39,-0.7393,-90.3518,74.55,99,45,5.99
39,East London,ZA,2022-03-10 03:21:39,-33.0153,27.9116,70.74,88,0,11.5
40,General Roca,AR,2022-03-10 03:21:40,-39.0333,-67.5833,61.63,21,54,6.64
41,Hithadhoo,MV,2022-03-10 03:21:41,-0.6,73.0833,82.42,61,42,3.85
42,Victoria,HK,2022-03-10 03:21:05,22.2855,114.1577,75.25,59,38,1.99
43,Torbay,CA,2022-03-10 03:21:41,47.6666,-52.7314,25.75,78,20,17.27
44,Paamiut,GL,2022-03-10 03:21:42,61.994,-49.6678,-1.34,90,20,8.68
45,Dikson,RU,2022-03-10 03:21:43,73.5069,80.5464,-28.44,100,95,5.14
46,Klaksvik,FO,2022-03-10 03:22:44,62.2266,-6.589,41.92,70,51,23.11
47,Elko,US,2022-03-10 03:22:44,41.0002,-115.5012,28.42,71,100,5.01
48,Baltasi,RU,2022-03-10 03:22:45,56.3462,50.2062,-5.55,97,92,9.19
49,Durango,MX,2022-03-10 03:18:46,24.8333,-104.8333,48.83,16,44,7.05
50,Tura,IN,2022-03-10 03:22:46,25.5198,90.2201,83.93,20,1,0.45
51,Goderich,CA,2022-03-10 03:22:46,43.7501,-81.7165,33.03,74,22,6.91
52,Vila Velha,BR,2022-03-10 03:20:33,-20.3297,-40.2925,75.15,94,0,4.61
53,Kapaa,US,2022-03-10 03:22:47,22.0752,-159.319,79.12,71,0,9.22
54,Atuona,PF,2022-03-10 03:22:47,-9.8,-139.0333,79.03,79,63,15.46
55,Lebu,CL,2022-03-10 03:22:48,-37.6167,-73.65,56.14,79,0,20.38
56,Bengkulu,ID,2022-03-10 03:22:48,-3.8004,102.2655,82.35,68,96,1.39
57,Longyearbyen,SJ,2022-03-10 03:22:49,78.2186,15.6401,28.24,93,75,0.0
58,Luderitz,NA,2022-03-10 03:22:49,-26.6481,15.1594,67.6,78,0,12.37
59,Uarini,BR,2022-03-10 03:22:50,-2.99,-65.1083,71.51,98,94,1.1
60,Avarua,CK,2022-03-10 03:22:50,-21.2078,-159.775,78.85,89,75,9.22
61,Podosinovets,RU,2022-03-10 03:22:51,60.2776,47.0659,-5.84,100,72,2.46
62,Bath,GB,2022-03-10 03:19:41,51.3779,-2.3591,52.75,81,96,15.52
63,Tiksi,RU,2022-03-10 03:22:51,71.6872,128.8694,-15.84,98,100,3.4
64,Bethel,US,2022-03-10 03:22:52,41.3712,-73.414,34.56,82,92,2.68
65,New Castle,US,2022-03-10 03:22:53,41.0037,-80.347,35.44,83,0,4.61
66,Hobart,AU,2022-03-10 03:22:38,-42.8794,147.3294,64.27,62,75,16.11
67,Khatanga,RU,2022-03-10 03:22:54,71.9667,102.5,-6.2,91,98,6.26
68,Sisimiut,GL,2022-03-10 03:22:54,66.9395,-53.6735,-5.71,100,100,5.19
69,Mount Gambier,AU,2022-03-10 03:22:54,-37.8333,140.7667,67.62,46,36,10.13
70,Souillac,MU,2022-03-10 03:22:55,-20.5167,57.5167,80.37,94,40,3.44
71,Whyalla,AU,2022-03-10 03:20:14,-33.0333,137.5833,73.29,43,36,11.5
72,Jamestown,US,2022-03-10 03:22:56,42.097,-79.2353,32.34,61,0,10.36
73,Touros,BR,2022-03-10 03:22:56,-5.1989,-35.4608,79.7,80,96,11.32
74,Jiaocheng,CN,2022-03-10 03:22:57,24.6774,116.1389,71.71,44,43,3.53
75,Bandarbeyla,SO,2022-03-10 03:22:57,9.4942,50.8122,74.73,71,40,9.1
76,Erzin,TR,2022-03-10 03:22:58,36.9559,36.2,50.72,89,57,9.86
77,Sorland,NO,2022-03-10 03:22:14,67.667,12.6934,43.86,73,100,34.83
78,Cooma,AU,2022-03-10 03:22:59,-36.2333,149.1333,60.89,54,8,6.78
79,Aklavik,CA,2022-03-10 03:22:59,68.2191,-135.0107,-13.97,95,100,6.96
80,Miri,MY,2022-03-10 03:23:00,4.4148,114.0089,87.94,62,40,2.3
81,Kasempa,ZM,2022-03-10 03:23:00,-13.4584,25.8338,64.74,99,100,2.35
82,Haines Junction,CA,2022-03-10 03:23:01,60.7522,-137.5108,22.95,42,99,1.14
83,Yar-Sale,RU,2022-03-10 03:23:01,66.8333,70.8333,-5.46,83,100,10.47
84,Bashtanka,UA,2022-03-10 03:23:02,47.4072,32.4387,23.88,81,83,14.32
85,Srednekolymsk,RU,2022-03-10 03:23:03,67.45,153.6833,10.54,86,21,5.21
86,Bar Harbor,US,2022-03-10 03:23:03,44.3876,-68.2039,32.02,77,100,0.0
87,Barrow,US,2022-03-10 03:23:04,71.2906,-156.7887,-20.24,100,14,6.22
88,Port Blair,IN,2022-03-10 03:23:04,11.6667,92.75,86.04,74,40,8.05
89,Cherskiy,RU,2022-03-10 03:23:05,68.75,161.3,21.51,79,16,4.29
90,Lindenberg,DE,2022-03-10 03:23:06,49.3803,8.0986,31.17,63,0,2.04
91,Mehran,IR,2022-03-10 03:23:06,33.1222,46.1646,69.28,28,35,20.11
92,Vanimo,PG,2022-03-10 03:23:07,-2.6741,141.3028,82.72,79,92,0.36
93,Cidreira,BR,2022-03-10 03:24:07,-30.1811,-50.2056,76.62,89,95,14.03
94,Kodiak,US,2022-03-10 03:24:08,57.79,-152.4072,40.51,93,100,17.27
95,Kaeo,NZ,2022-03-10 03:24:08,-35.1,173.7833,74.32,70,66,11.12
96,Kemijarvi,FI,2022-03-10 03:24:09,66.7131,27.4306,25.52,92,100,12.28
97,Castro,BR,2022-03-10 03:24:09,-24.7911,-50.0119,65.1,98,100,5.06
98,Zlitan,LY,2022-03-10 03:24:10,32.4674,14.5687,54.75,54,61,21.85
99,Thompson,CA,2022-03-10 03:24:11,55.7435,-97.8558,-12.84,70,0,0.0
100,Vaini,TO,2022-03-10 03:24:11,-21.2,-175.2,82.56,78,75,5.75
101,Frederico Westphalen,BR,2022-03-10 03:24:12,-27.3592,-53.3944,65.88,98,44,3.02
102,Ribeira Grande,PT,2022-03-10 03:24:12,38.5167,-28.7,60.91,92,100,25.41
103,Sao Joao Da Barra,BR,2022-03-10 03:24:13,-21.6403,-41.0511,77.45,86,1,9.08
104,Grand-Bourg,GP,2022-03-10 03:24:13,15.8835,-61.3148,75.15,77,100,22.39
105,Hermanus,ZA,2022-03-10 03:24:14,-34.4187,19.2345,66.79,87,99,8.48
106,Isangel,VU,2022-03-10 03:24:14,-19.55,169.2667,86.11,74,40,11.5
107,Nemuro,JP,2022-03-10 03:24:15,43.3236,145.575,41.43,70,2,7.05
108,Buala,SB,2022-03-10 03:24:15,-8.145,159.5921,85.01,69,42,2.93
109,Airai,TL,2022-03-10 03:24:16,-8.9266,125.4092,75.15,59,14,0.65
110,Harlingen,US,2022-03-10 03:23:51,26.1906,-97.6961,58.19,91,20,5.75
111,Laredo,US,2022-03-10 03:21:01,27.5064,-99.5075,61.09,31,0,12.66
112,Kropotkin,RU,2022-03-10 03:24:17,45.4375,40.5756,30.16,89,100,1.36
113,Emerald,AU,2022-03-10 03:24:17,-23.5333,148.1667,98.71,32,10,2.1
114,Butaritari,KI,2022-03-10 03:24:18,3.0707,172.7902,81.45,77,82,15.64
115,Georgetown,MY,2022-03-10 03:23:30,5.4112,100.3354,80.53,89,20,4.61
116,Albany,US,2022-03-10 03:24:19,42.6001,-73.9662,31.23,95,96,3.02
117,Bilibino,RU,2022-03-10 03:24:19,68.0546,166.4372,18.3,83,6,2.77
118,Flinders,AU,2022-03-10 03:24:19,-34.5833,150.8552,74.17,52,24,7.0
119,Banda Aceh,ID,2022-03-10 03:24:20,5.5577,95.3222,81.18,76,96,2.35
120,Half Moon Bay,US,2022-03-10 03:24:20,37.4636,-122.4286,56.39,80,100,26.46
121,Alexandria,EG,2022-03-10 03:19:36,31.2156,29.9553,57.43,61,2,13.85
122,Norman Wells,CA,2022-03-10 03:24:21,65.282,-126.8329,-0.36,65,40,11.5
123,Kavieng,PG,2022-03-10 03:23:12,-2.5744,150.7967,84.18,67,100,5.41
124,Inirida,CO,2022-03-10 03:24:22,3.8653,-67.9239,76.78,86,100,2.19
125,Tasiilaq,GL,2022-03-10 03:24:22,65.6145,-37.6368,26.76,91,100,31.03
126,Ixtapa,MX,2022-03-10 03:24:22,20.7,-105.2,70.83,64,0,5.75
127,Henties Bay,NA,2022-03-10 03:24:23,-22.116,14.2845,63.86,93,50,7.16
128,Pisco,PE,2022-03-10 03:24:24,-13.7,-76.2167,71.65,78,0,10.36
129,La Libertad,EC,2022-03-10 03:24:24,-2.2333,-80.9,78.46,83,0,10.36
130,Nome,US,2022-03-10 03:24:25,64.5011,-165.4064,21.27,68,0,34.52
131,Kanigoro,ID,2022-03-10 03:24:25,-8.13,112.219,84.18,70,80,5.06
132,Fort Nelson,CA,2022-03-10 03:24:26,58.8053,-122.7002,26.19,33,75,8.05
133,Bayevo,RU,2022-03-10 03:24:26,53.2833,80.7667,0.68,96,100,7.25
134,Oster,UA,2022-03-10 03:24:27,50.9506,30.8823,20.89,63,24,12.41
135,Erdemli,TR,2022-03-10 03:24:28,36.605,34.3084,51.35,72,25,6.26
136,Laguna,US,2022-03-10 03:24:28,38.421,-121.4238,62.44,58,0,9.22
137,Luanda,AO,2022-03-10 03:24:29,-8.8368,13.2343,80.6,83,75,6.91
138,Arraial Do Cabo,BR,2022-03-10 03:24:29,-22.9661,-42.0278,76.62,89,0,14.92
139,Kieta,PG,2022-03-10 03:24:29,-6.2167,155.6333,85.14,71,40,6.15
140,Chuy,UY,2022-03-10 03:20:33,-33.6971,-53.4616,68.65,88,100,3.51
141,Santa Maria,BR,2022-03-10 03:21:00,-29.6842,-53.8069,76.3,94,75,6.91
142,Clyde River,CA,2022-03-10 03:25:30,70.4692,-68.5914,-14.57,70,0,5.75
143,Provideniya,RU,2022-03-10 03:25:31,64.3833,-173.3,24.91,63,0,29.08
144,Ancud,CL,2022-03-10 03:25:31,-41.8697,-73.8203,53.42,85,49,5.95
145,Saint-Joseph,RE,2022-03-10 03:25:32,-21.3667,55.6167,79.83,84,22,8.08
146,Halvad,IN,2022-03-10 03:23:52,23.0167,71.1833,77.83,50,8,7.56
147,Puerto Escondido,MX,2022-03-10 03:25:33,15.85,-97.0667,76.03,69,0,0.0
148,New Norfolk,AU,2022-03-10 03:25:33,-42.7826,147.0587,63.91,42,71,4.0
149,Muli,MV,2022-03-10 03:25:34,2.9167,73.5667,81.75,67,7,2.64
150,Carutapera,BR,2022-03-10 03:25:35,-1.195,-46.02,75.31,92,100,3.22
151,Pevek,RU,2022-03-10 03:25:35,69.7008,170.3133,23.41,66,12,12.66
152,Mahebourg,MU,2022-03-10 03:25:36,-20.4081,57.7,80.26,94,40,3.44
153,Vila Franca Do Campo,PT,2022-03-10 03:25:36,37.7167,-25.4333,63.01,92,100,19.3
154,Dakoro,NE,2022-03-10 03:25:37,14.5106,6.765,75.51,14,0,15.79
155,Sabha,LY,2022-03-10 03:25:37,27.0377,14.4283,50.7,47,50,10.83
156,Hilo,US,2022-03-10 03:25:38,19.7297,-155.09,78.53,83,20,9.22
157,Xining,CN,2022-03-10 03:23:01,36.6167,101.7667,49.26,30,0,2.21
158,Launceston,AU,2022-03-10 03:25:39,-41.45,147.1667,70.61,44,40,8.05
159,San Cristobal,VE,2022-03-10 03:23:15,7.7669,-72.225,69.98,85,94,0.58
160,Matagami,CA,2022-03-10 03:25:40,49.7502,-77.6328,23.11,86,100,12.66
161,Chimore,BO,2022-03-10 03:25:40,-16.9833,-65.1333,71.2,99,100,1.7
162,Port Elizabeth,ZA,2022-03-10 03:25:41,-33.918,25.5701,68.29,83,0,27.63
163,Shizuishan,CN,2022-03-10 03:25:41,39.2333,106.7694,53.91,21,0,5.73
164,Naze,JP,2022-03-10 03:25:42,28.3667,129.4833,63.52,53,0,8.3
165,Sorong,ID,2022-03-10 03:25:43,-0.8833,131.25,84.83,70,84,7.94
166,Westport,US,2022-03-10 03:25:43,41.1415,-73.3579,36.55,88,100,10.36
167,Kruisfontein,ZA,2022-03-10 03:25:44,-34.0033,24.7314,67.21,85,10,15.43
168,Huilong,CN,2022-03-10 03:25:44,31.8111,121.655,69.04,75,93,19.1
169,Pasighat,IN,2022-03-10 03:25:45,28.0667,95.3333,82.42,26,3,2.46
170,Adrar,MR,2022-03-10 03:25:46,20.5022,-10.0711,64.47,16,55,10.65
171,Mtambile,TZ,2022-03-10 03:25:46,-5.3833,39.7,80.64,71,100,8.68
172,Nueva Imperial,CL,2022-03-10 03:25:47,-38.7333,-72.95,50.65,95,5,3.62
173,Dzerzhinsk,RU,2022-03-10 03:25:48,56.2389,43.4631,1.22,66,0,8.95
174,Port Keats,AU,2022-03-10 03:25:48,-14.25,129.55,92.3,48,41,1.05
175,Bastia,FR,2022-03-10 03:25:49,42.6667,9.3333,44.29,64,0,11.5
176,Dalbandin,PK,2022-03-10 03:25:49,28.8947,64.4101,69.48,38,18,2.42
177,Sarh,TD,2022-03-10 03:25:50,9.1429,18.3923,84.11,51,0,0.0
178,Berlevag,NO,2022-03-10 03:25:51,70.8578,29.0864,29.8,78,100,20.42
179,Nikolskoye,RU,2022-03-10 03:25:51,59.7035,30.7861,8.49,98,39,3.06
180,Tiznit,MA,2022-03-10 03:25:52,29.5833,-9.5,50.29,88,0,1.14
181,Marawi,PH,2022-03-10 03:25:52,7.9986,124.2928,74.64,79,76,2.55
182,Beringovskiy,RU,2022-03-10 03:25:53,63.05,179.3167,10.17,86,6,11.92
183,Kushiro,JP,2022-03-10 03:25:54,42.975,144.3747,38.35,70,20,12.66
184,Paita,PE,2022-03-10 03:25:55,-5.0892,-81.1144,75.92,76,100,11.9
185,Kaitangata,NZ,2022-03-10 03:26:55,-46.2817,169.8464,65.16,76,100,11.03
186,Tessalit,ML,2022-03-10 03:26:56,20.1986,1.0114,70.47,14,100,12.93
187,Comodoro Rivadavia,AR,2022-03-10 03:26:56,-45.8667,-67.5,64.26,36,0,17.27
188,Dod Ballapur,IN,2022-03-10 03:26:57,13.2919,77.5431,73.42,38,59,9.91
189,Hualmay,PE,2022-03-10 03:26:57,-11.0964,-77.6139,72.32,82,100,8.84
190,Vallenar,CL,2022-03-10 03:26:58,-28.5708,-70.7581,71.02,53,0,1.52
191,Lukovetskiy,RU,2022-03-10 03:26:58,64.2956,41.9211,13.98,99,100,2.62
192,Saint George,US,2022-03-10 03:24:41,37.1041,-113.5841,56.62,39,100,4.0
193,Baker City,US,2022-03-10 03:24:17,44.7749,-117.8344,24.51,62,0,16.11
194,Turukhansk,RU,2022-03-10 03:26:59,65.8167,87.9833,-25.19,99,100,5.23
195,Batagay-Alyta,RU,2022-03-10 03:27:00,67.8006,130.4114,-4.92,76,79,1.34
196,Meulaboh,ID,2022-03-10 03:27:01,4.1363,96.1285,79.38,84,100,3.62
197,Pueblo Nuevo,MX,2022-03-10 03:27:01,23.3833,-105.3833,44.29,45,87,3.83
198,Carnarvon,AU,2022-03-10 03:27:02,-24.8667,113.6333,87.87,62,0,18.41
199,San Angelo,US,2022-03-10 03:25:13,31.4638,-100.437,53.55,33,0,6.91
200,Chokurdakh,RU,2022-03-10 03:27:03,70.6333,147.9167,-7.08,95,100,2.8
201,Palermo,IT,2022-03-10 03:23:25,37.8167,13.5833,43.74,83,8,4.27
202,Marsaxlokk,MT,2022-03-10 03:27:03,35.8419,14.5431,50.07,61,20,8.05
203,Las Vegas,US,2022-03-10 03:26:02,36.175,-115.1372,66.88,20,40,6.91
204,Havelock,US,2022-03-10 03:27:04,34.8791,-76.9013,58.01,90,100,18.41
205,Hobyo,SO,2022-03-10 03:27:05,5.3505,48.5268,77.25,69,96,14.25
206,Alta Floresta,BR,2022-03-10 03:27:06,-9.8756,-56.0861,69.4,99,69,3.29
207,Palmer,US,2022-03-10 03:23:33,42.1584,-72.3287,32.63,87,100,4.61
208,Pustoshka,RU,2022-03-10 03:27:07,56.3355,29.369,9.91,94,6,4.36
209,Ca Mau,VN,2022-03-10 03:27:07,9.1769,105.15,85.78,56,77,9.78
210,Mitsamiouli,KM,2022-03-10 03:27:08,-11.3847,43.2844,80.55,82,100,11.07
211,Yulara,AU,2022-03-10 03:27:09,-25.2406,130.9889,85.84,20,0,14.97
212,Rochegda,RU,2022-03-10 03:27:09,62.8,43.25,1.87,99,100,2.28
213,Plettenberg Bay,ZA,2022-03-10 03:27:10,-34.0527,23.3716,67.95,88,20,9.17
214,Alofi,NU,2022-03-10 03:27:10,-19.0595,-169.9187,84.09,74,75,13.24
215,Manzhouli,CN,2022-03-10 03:27:11,49.6,117.4333,24.94,39,0,31.18
216,Bronnoysund,NO,2022-03-10 03:27:12,65.4625,12.1997,46.4,39,100,17.27
217,Baiyin,CN,2022-03-10 03:27:12,36.5583,104.2081,58.08,35,0,6.96
218,Lagoa,PT,2022-03-10 03:27:13,39.05,-27.9833,56.82,90,100,28.61
219,Oksfjord,NO,2022-03-10 03:27:14,70.2396,22.3479,38.32,55,100,12.62
220,Tuatapere,NZ,2022-03-10 03:27:14,-46.1333,167.6833,71.82,50,94,2.62
221,Mangrol,IN,2022-03-10 03:27:15,21.1167,70.1167,77.95,43,0,12.3
222,Itamaraca,BR,2022-03-10 03:27:15,-7.7478,-34.8256,82.45,80,96,9.37
223,Santo Augusto,BR,2022-03-10 03:27:16,-27.8508,-53.7772,74.66,95,50,8.43
224,Banjar,ID,2022-03-10 03:27:16,-8.19,114.9675,85.86,63,62,2.28
225,Nyurba,RU,2022-03-10 03:27:17,63.2842,118.3319,2.98,87,79,5.44
226,Wuning,CN,2022-03-10 03:27:17,29.2589,120.2311,65.01,65,99,4.81
227,Verkhniye Sergi,RU,2022-03-10 03:27:18,56.6469,59.5556,5.07,94,100,7.38
228,Papar,MY,2022-03-10 03:27:18,5.7333,115.9333,84.2,67,100,5.3
229,Manokwari,ID,2022-03-10 03:27:18,-0.8667,134.0833,83.34,72,100,6.96
230,Lyuban,BY,2022-03-10 03:24:20,52.7985,28.0048,19.71,70,9,11.56
231,Vestmanna,FO,2022-03-10 03:28:19,62.1564,-7.1664,40.12,75,40,17.27
232,Indramayu,ID,2022-03-10 03:28:19,-6.3264,108.32,83.21,72,97,1.97
233,Olgod,DK,2022-03-10 03:28:20,55.8068,8.6286,33.84,87,21,11.1
234,Villamontes,BO,2022-03-10 03:28:20,-21.25,-63.5,77.97,68,90,3.62
235,Broome,US,2022-03-10 03:28:21,42.2506,-75.833,34.38,79,100,5.75
236,Alice Springs,AU,2022-03-10 03:24:44,-23.7,133.8833,83.75,21,0,11.5
237,Mount Isa,AU,2022-03-10 03:28:21,-20.7333,139.5,100.17,19,2,10.36
238,Narsaq,GL,2022-03-10 03:28:22,60.9167,-46.05,8.82,71,0,6.26
239,Miguel Calmon,BR,2022-03-10 03:28:22,-11.4289,-40.595,70.5,91,98,5.21
240,Ballarat,AU,2022-03-10 03:28:23,-37.5662,143.8496,64.18,47,7,8.9
241,Inhambane,MZ,2022-03-10 03:28:24,-23.865,35.3833,73.36,86,10,8.32
242,Rexburg,US,2022-03-10 03:28:24,43.826,-111.7897,13.98,44,0,5.75
243,Kirakira,SB,2022-03-10 03:28:25,-10.4544,161.9205,83.98,72,59,5.41
244,Dingle,PH,2022-03-10 03:28:25,10.9995,122.6711,82.83,76,100,11.59
245,Sayyan,YE,2022-03-10 03:28:26,15.1718,44.3244,54.3,21,57,2.8
246,Punta,PH,2022-03-10 03:28:26,8.9897,125.34,85.12,75,68,3.29
247,North Bend,US,2022-03-10 03:28:27,43.4065,-124.2243,47.86,90,100,4.61
248,Qaanaaq,GL,2022-03-10 03:28:27,77.484,-69.3632,-6.97,55,10,9.01
249,Husavik,IS,2022-03-10 03:28:28,66.0449,-17.3389,33.71,81,59,11.65
250,Stanger,ZA,2022-03-10 03:28:28,-29.3282,31.2895,70.99,91,100,5.01
251,Harrismith,ZA,2022-03-10 03:28:29,-28.2728,29.1295,56.35,97,98,3.91
252,Oxelosund,SE,2022-03-10 03:28:29,58.6706,17.1015,34.18,100,100,5.75
253,Galesong,ID,2022-03-10 03:28:29,-5.3166,119.3661,87.82,72,54,4.38
254,Sinnamary,GF,2022-03-10 03:28:30,5.3833,-52.95,76.71,90,100,9.08
255,Bushehr,IR,2022-03-10 03:28:31,28.9684,50.8385,71.69,73,75,13.8
256,Hamilton,US,2022-03-10 03:26:27,39.1834,-84.5333,41.02,69,0,5.75
257,Jalu,LY,2022-03-10 03:28:31,29.0331,21.5482,51.85,64,5,14.94
258,Sao Goncalo Do Sapucai,BR,2022-03-10 03:28:32,-21.8922,-45.5953,68.11,78,78,3.15
259,Matay,EG,2022-03-10 03:28:32,28.419,30.7792,55.04,70,47,4.61
260,Pangnirtung,CA,2022-03-10 03:28:32,66.1451,-65.7125,-18.53,86,84,5.21
261,Talnakh,RU,2022-03-10 03:28:33,69.4865,88.3972,-22.52,99,99,4.99
262,Anloga,GH,2022-03-10 03:28:34,5.7947,0.8973,82.62,86,71,13.0
263,Visby,SE,2022-03-10 03:28:34,57.6409,18.296,34.05,80,100,10.36
264,Cerrito,CO,2022-03-10 03:28:34,6.8432,-72.694,49.39,90,53,2.51
265,Ust-Kuyga,RU,2022-03-10 03:28:35,70.0167,135.6,-11.0,92,35,3.94
266,Grand Forks,US,2022-03-10 03:28:36,47.9417,-97.4337,4.93,68,40,12.66
267,Lodja,CD,2022-03-10 03:28:36,-3.4833,23.4333,69.69,97,100,1.59
268,Gamba,GA,2022-03-10 03:28:37,-2.65,10.0,79.32,82,100,5.41
269,Belle Fourche,US,2022-03-10 03:28:37,44.6714,-103.8522,12.33,48,100,8.59
270,Batagay,RU,2022-03-10 03:28:38,67.6333,134.6333,-7.65,89,48,1.79
271,Belmonte,BR,2022-03-10 03:28:38,-15.8631,-38.8828,75.7,85,7,3.98
272,Oistins,BB,2022-03-10 03:28:39,13.0667,-59.5333,77.09,83,40,18.41
273,Florianopolis,BR,2022-03-10 03:28:39,-27.6146,-48.5012,76.23,89,40,4.61
274,Geraldton,AU,2022-03-10 03:28:40,-28.7667,114.6,102.61,15,2,11.5
275,Novaya Ladoga,RU,2022-03-10 03:28:40,60.1025,32.3019,2.43,98,21,4.03
276,Araouane,ML,2022-03-10 03:28:41,18.9048,-3.5265,68.07,15,99,11.3
277,Sambava,MG,2022-03-10 03:28:41,-14.2667,50.1667,74.82,88,88,1.3
278,Umm Kaddadah,SD,2022-03-10 03:28:42,13.6017,26.6876,78.31,14,87,13.53
279,Dunedin,NZ,2022-03-10 03:28:42,-45.8742,170.5036,59.81,87,100,8.99
280,Omboue,GA,2022-03-10 03:29:43,-1.5746,9.2618,79.21,87,100,6.96
281,Rydultowy,PL,2022-03-10 03:29:43,50.0586,18.417,32.56,76,92,7.0
282,Santarem,BR,2022-03-10 03:25:08,-2.4431,-54.7083,75.33,100,75,2.3
283,Jati,PK,2022-03-10 03:29:44,24.3539,68.2671,76.28,39,6,7.49
284,Qui Nhon,VN,2022-03-10 03:25:53,13.7667,109.2333,74.46,71,100,9.19
285,Eldama Ravine,KE,2022-03-10 03:29:45,0.0516,35.7308,53.02,86,89,2.8
286,Bosaso,SO,2022-03-10 03:29:46,11.2842,49.1816,72.93,71,65,6.11
287,Skibbereen,IE,2022-03-10 03:29:46,51.55,-9.2667,39.0,64,100,7.47
288,Luis Correia,BR,2022-03-10 03:29:47,-2.8792,-41.6669,77.74,90,97,9.6
289,Ghanzi,BW,2022-03-10 03:29:47,-21.5667,21.7833,65.21,85,60,7.92
290,Mendoza,AR,2022-03-10 03:29:48,-32.8908,-68.8272,67.53,45,0,5.75
291,Mahon,ES,2022-03-10 03:29:49,39.8885,4.2658,48.76,76,0,8.05
292,Klaeng,TH,2022-03-10 03:29:49,12.7797,101.6483,90.34,62,90,5.61
293,Zhigansk,RU,2022-03-10 03:29:50,66.7697,123.3711,-13.25,92,98,6.69
294,Bose,IT,2022-03-10 03:29:51,45.4612,8.0137,41.74,63,0,2.82
295,Diamantino,BR,2022-03-10 03:29:51,-14.4086,-56.4461,71.73,95,99,4.07
296,San Quintin,MX,2022-03-10 03:29:52,30.4833,-115.95,57.25,75,0,5.66
297,Cabo San Lucas,MX,2022-03-10 03:29:42,22.8909,-109.9124,67.3,56,0,8.05
298,Progreso,MX,2022-03-10 03:29:46,21.2833,-89.6667,82.11,87,6,7.54
299,Los Lunas,US,2022-03-10 03:25:07,34.8062,-106.7334,50.14,29,5,7.81
300,Vyshhorod,UA,2022-03-10 03:29:53,50.5848,30.4898,20.93,100,37,12.8
301,Athmallik,IN,2022-03-10 03:29:54,20.7219,84.5348,81.37,24,2,1.01
302,Codrington,AU,2022-03-10 03:29:54,-38.2667,141.9667,65.5,52,92,12.59
303,Sangar,RU,2022-03-10 03:29:55,63.9242,127.4739,0.82,92,89,3.04
304,Fortuna,US,2022-03-10 03:29:55,40.5982,-124.1573,50.41,94,100,10.36
305,Mingoyo,TZ,2022-03-10 03:29:56,-10.1,39.6333,73.56,98,100,3.18
306,Bilma,NE,2022-03-10 03:29:57,18.6853,12.9164,69.22,30,12,17.67
307,Nouadhibou,MR,2022-03-10 03:29:57,20.931,-17.0347,64.38,72,0,21.85
308,Koslan,RU,2022-03-10 03:29:58,63.4564,48.8989,4.35,97,94,5.03
309,Nicoya,CR,2022-03-10 03:29:59,10.1483,-85.452,76.55,75,34,0.78
310,Celaya,MX,2022-03-10 03:29:59,20.5167,-100.8167,68.0,29,8,5.93
311,Beihai,CN,2022-03-10 03:30:00,21.4833,109.1,70.57,72,2,8.79
312,Basco,PH,2022-03-10 03:30:01,20.4487,121.9702,73.6,61,57,21.12
313,Tezpur,IN,2022-03-10 03:25:46,26.6333,92.8,80.28,27,0,2.55
314,Lompoc,US,2022-03-10 03:30:03,34.6391,-120.4579,54.37,80,0,24.0
315,Balkanabat,TM,2022-03-10 03:30:04,39.5108,54.3671,59.09,56,98,5.14
316,Casablanca,MA,2022-03-10 03:27:40,33.5928,-7.6192,52.75,85,45,0.49
317,Cancun,MX,2022-03-10 03:26:06,21.1743,-86.8466,80.53,78,40,13.8
318,Iqaluit,CA,2022-03-10 03:29:50,63.7506,-68.5145,-11.47,77,100,0.0
319,Ahuimanu,US,2022-03-10 03:30:05,21.4447,-157.8378,80.46,82,75,10.36
320,Saint-Augustin,CA,2022-03-10 03:30:07,51.226,-58.6502,-1.8,96,92,3.49
321,Guerrero Negro,MX,2022-03-10 03:30:07,27.9769,-114.0611,59.22,62,0,13.85
322,Constitucion,CL,2022-03-10 03:30:08,-35.3333,-72.4167,59.02,56,0,8.72
323,Yabassi,CM,2022-03-10 03:30:09,4.457,9.9682,74.84,96,100,2.98
324,Namibe,AO,2022-03-10 03:30:10,-15.1961,12.1522,72.46,77,84,8.03
325,Nanortalik,GL,2022-03-10 03:31:10,60.1432,-45.2371,9.1,76,39,12.68
326,Stokmarknes,NO,2022-03-10 03:31:11,68.5646,14.9108,42.49,57,99,19.82
327,Laukaa,RU,2022-03-10 03:31:11,58.7372,29.8453,8.4,96,5,2.08
328,Talaya,RU,2022-03-10 03:31:12,61.3833,152.75,10.96,86,96,0.16
329,Charters Towers,AU,2022-03-10 03:31:13,-20.1,146.2667,98.06,31,100,7.2
330,Kuala Lipis,MY,2022-03-10 03:31:13,4.1842,102.0468,80.4,82,97,2.42
331,Biak,ID,2022-03-10 03:31:14,-0.9131,122.8766,83.16,70,95,1.54
332,Puerto Narino,CO,2022-03-10 03:31:14,-3.7703,-70.3831,75.15,99,90,1.54
333,Oyama,JP,2022-03-10 03:31:15,36.3,139.8,56.66,31,97,4.21
334,San Patricio,US,2022-03-10 03:31:15,28.017,-97.5169,54.84,75,0,7.85
335,Abu Dhabi,AE,2022-03-10 03:27:19,24.4667,54.3667,77.11,34,0,6.91
336,Avera,US,2022-03-10 03:31:16,33.194,-82.5271,62.47,78,100,4.41
337,Zhuhai,CN,2022-03-10 03:31:17,22.2769,113.5678,74.98,64,20,5.75
338,San Juan,AR,2022-03-10 03:31:17,-31.5375,-68.5364,67.5,41,32,9.24
339,Coihaique,CL,2022-03-10 03:31:18,-45.5752,-72.0662,50.61,81,100,5.75
340,Sao Filipe,CV,2022-03-10 03:31:18,14.8961,-24.4956,69.24,71,100,12.84
341,Andenes,NO,2022-03-10 03:31:19,69.3143,16.1194,39.18,60,100,18.41
342,Ambilobe,MG,2022-03-10 03:31:19,-13.2,49.05,76.03,94,95,1.3
343,Waterloo,CA,2022-03-10 03:29:45,43.4668,-80.5164,34.29,75,100,11.5
344,Channel-Port Aux Basques,CA,2022-03-10 03:31:20,47.5702,-59.1367,19.8,78,97,6.67
345,Caramay,PH,2022-03-10 03:31:21,10.1815,119.236,79.45,89,100,11.65
346,Bathsheba,BB,2022-03-10 03:31:21,13.2167,-59.5167,77.61,83,40,18.41
347,Hofn,IS,2022-03-10 03:31:22,64.2539,-15.2082,35.62,69,40,8.05
348,Riyadh,SA,2022-03-10 03:30:01,24.6877,46.7219,69.94,21,2,12.1
349,Atar,MR,2022-03-10 03:31:22,20.5169,-13.0499,66.81,15,0,9.69
350,Maniitsoq,GL,2022-03-10 03:31:23,65.4167,-52.9,-7.6,93,95,5.19
351,Casma,CL,2022-03-10 03:31:24,-41.0082,-73.1244,49.28,98,81,3.04
352,Lethem,GY,2022-03-10 03:31:24,3.3803,-59.7968,74.79,88,100,6.93
353,Port Lincoln,AU,2022-03-10 03:31:25,-34.7333,135.8667,68.05,57,71,11.12
354,Mahajanga,MG,2022-03-10 03:31:25,-15.7167,46.3167,77.02,94,40,5.75
355,Pervomayskiy,RU,2022-03-10 03:31:26,53.2485,40.2871,6.49,87,88,17.65
356,Nishihara,JP,2022-03-10 03:31:27,26.1842,127.7558,69.85,51,40,12.66
357,Lavrentiya,RU,2022-03-10 03:31:27,65.5833,-171.0,10.09,80,1,13.89
358,Gueret,FR,2022-03-10 03:30:52,46.1667,1.8667,45.23,85,97,3.53
359,Abu Zabad,SD,2022-03-10 03:31:28,12.35,29.25,77.85,15,90,9.64
360,Prince Rupert,CA,2022-03-10 03:31:29,54.3161,-130.3201,38.89,64,0,2.3
361,Saldanha,ZA,2022-03-10 03:31:30,-33.0117,17.9442,60.85,91,7,15.84
362,Qianan,CN,2022-03-10 03:31:30,44.9932,124.0581,37.71,97,73,5.59
363,Ifakara,TZ,2022-03-10 03:31:31,-8.1333,36.6833,72.27,98,100,1.41
364,Lampa,CL,2022-03-10 03:27:05,-33.2833,-70.9,68.77,52,0,4.61
365,Zhongshu,CN,2022-03-10 03:31:31,24.5167,103.7667,68.5,53,12,6.6
366,Krasnyy Chikoy,RU,2022-03-10 03:31:32,50.3643,108.7512,26.62,65,97,2.59
367,Wanning,CN,2022-03-10 03:31:33,18.8003,110.3967,76.93,67,64,10.92
368,Shepsi,RU,2022-03-10 03:31:33,44.0361,39.1489,35.87,72,81,6.35
369,Benton Harbor,US,2022-03-10 03:30:15,42.1167,-86.4542,31.55,85,0,0.0
370,Marolambo,MG,2022-03-10 03:31:34,-20.05,48.1167,72.3,97,100,1.32
371,Amahai,ID,2022-03-10 03:32:34,-3.3333,128.9167,85.03,75,99,6.02
372,Pacific Grove,US,2022-03-10 03:32:35,36.6177,-121.9166,54.43,76,0,13.0
373,Qena,EG,2022-03-10 03:32:35,26.1615,32.7183,61.45,53,14,9.37
374,Walvis Bay,NA,2022-03-10 03:32:36,-22.9575,14.5053,64.09,94,23,8.05
375,Villazon,BO,2022-03-10 03:32:36,-22.0866,-65.5942,53.08,72,71,11.32
376,Bandar-E Lengeh,IR,2022-03-10 03:32:37,26.5579,54.8807,73.51,83,0,9.22
377,Mazagao,BR,2022-03-10 03:32:38,-0.115,-51.2894,77.05,99,100,1.61
378,Shemgang,BT,2022-03-10 03:32:38,27.2169,90.6579,67.26,31,0,5.3
379,Valparaiso,CL,2022-03-10 03:31:08,-33.0393,-71.6273,56.84,82,0,3.44
380,Ryotsu,JP,2022-03-10 03:32:39,38.0833,138.4333,48.16,62,22,2.1
381,Aswan,EG,2022-03-10 03:32:39,24.0934,32.907,66.06,49,100,15.95
382,Redcar,GB,2022-03-10 03:32:40,54.6166,-1.06,48.52,84,99,13.0
383,Roald,NO,2022-03-10 03:32:40,62.5833,6.1333,50.14,46,100,18.41
384,Krasnoselkup,RU,2022-03-10 03:32:41,65.7,82.4667,-9.06,95,97,6.78
385,Kukshi,IN,2022-03-10 03:32:41,22.2,74.75,83.12,35,0,6.64
386,Portland,US,2022-03-10 03:29:32,45.5234,-122.6762,45.18,59,20,9.22
387,Haysville,US,2022-03-10 03:32:42,37.5645,-97.3523,39.52,64,100,16.11
388,Planaltina,BR,2022-03-10 03:32:42,-15.4528,-47.6142,68.29,68,67,2.17
389,Zabid,YE,2022-03-10 03:32:43,14.1951,43.3152,74.5,63,67,3.58
390,Kingaroy,AU,2022-03-10 03:32:43,-26.5333,151.8333,80.64,65,75,10.36
391,Katobu,ID,2022-03-10 03:32:44,-4.9408,122.5276,83.23,78,99,2.57
392,Montepuez,MZ,2022-03-10 03:32:45,-13.1256,38.9997,68.22,97,100,2.8
393,Mecca,SA,2022-03-10 03:29:59,21.4267,39.8261,74.37,51,7,2.71
394,Caravelas,BR,2022-03-10 03:32:46,-17.7125,-39.2481,74.77,89,90,3.27
395,Cacule,BR,2022-03-10 03:32:46,-14.5033,-42.2222,66.22,96,7,3.11
396,Ahipara,NZ,2022-03-10 03:32:47,-35.1667,173.1667,75.13,55,14,7.85
397,Navahrudak,BY,2022-03-10 03:32:47,53.6,25.8333,17.24,70,7,10.76
398,Leningradskiy,RU,2022-03-10 03:31:27,69.3833,178.4167,14.97,83,7,8.41
399,Butembo,CD,2022-03-10 03:32:48,0.15,29.2833,60.33,69,67,2.53
400,Cumberland,US,2022-03-10 03:32:48,35.0502,-78.8664,53.78,96,20,6.91
401,Curup,ID,2022-03-10 03:32:49,-3.4667,102.5333,82.51,60,80,3.85
402,Padang,ID,2022-03-10 03:32:50,-0.9492,100.3543,85.95,66,73,5.1
403,Kamenka,RU,2022-03-10 03:32:50,51.3223,42.7678,12.74,94,100,15.01
404,Bontang,ID,2022-03-10 03:32:51,0.1333,117.5,84.79,71,67,6.15
405,Novyy Urengoy,RU,2022-03-10 03:32:51,66.0833,76.6333,-1.97,93,100,15.39
406,Senador Jose Porfirio,BR,2022-03-10 03:32:52,-2.5908,-51.9542,72.75,98,100,2.82
407,Pedasi,PA,2022-03-10 03:32:52,7.5333,-80.0333,76.57,84,0,4.45
408,Capaci,IT,2022-03-10 03:32:53,38.1711,13.2393,46.26,73,20,4.0
409,Dashitou,CN,2022-03-10 03:32:54,43.3067,128.5114,48.69,51,62,12.93
410,Ust-Kulom,RU,2022-03-10 03:32:54,61.6864,53.6902,-9.99,99,19,1.25
411,Farafangana,MG,2022-03-10 03:32:55,-22.8167,47.8333,76.46,90,43,2.68
412,Knysna,ZA,2022-03-10 03:32:55,-34.0363,23.0471,70.18,87,44,5.84
413,Methven,NZ,2022-03-10 03:32:56,-43.6333,171.65,60.85,67,59,8.25
414,Santa Vitoria,BR,2022-03-10 03:32:57,-18.8386,-50.1214,72.7,81,74,1.81
415,Vostok,RU,2022-03-10 03:33:58,46.4856,135.8833,38.1,81,11,5.23
416,Coquimbo,CL,2022-03-10 03:33:58,-29.9533,-71.3436,62.33,82,0,0.0
417,Inzer,RU,2022-03-10 03:33:59,54.2167,57.5556,15.28,84,100,2.77
418,Margate,GB,2022-03-10 03:30:37,51.3813,1.3862,48.31,81,58,1.99
419,Nabire,ID,2022-03-10 03:34:00,-3.3667,135.4833,78.42,86,100,3.13
420,Doha,QA,2022-03-10 03:34:00,25.2867,51.5333,73.29,75,0,9.22
421,Petropavlovka,RU,2022-03-10 03:34:01,50.6114,105.3196,25.57,80,100,4.12
422,Otjimbingwe,NA,2022-03-10 03:34:01,-22.35,16.1333,76.66,48,75,1.12
423,Mechetinskaya,RU,2022-03-10 03:34:02,46.7713,40.456,23.47,100,55,2.68
424,Ornskoldsvik,SE,2022-03-10 03:34:03,63.2909,18.7153,31.15,100,100,13.8
425,Corralillo,CU,2022-03-10 03:34:03,22.9819,-80.5856,75.31,78,76,5.79
426,Susaki,JP,2022-03-10 03:34:04,33.3667,133.2833,57.27,50,14,7.92
427,Nurota,UZ,2022-03-10 03:34:05,40.5614,65.6886,44.69,55,100,6.42
428,Lufilufi,WS,2022-03-10 03:34:05,-13.8745,-171.5986,89.38,75,99,14.45
429,Fare,PF,2022-03-10 03:34:06,-16.7,-151.0167,81.55,68,49,12.62
430,Togur,RU,2022-03-10 03:34:06,58.3631,82.8265,-10.66,94,59,4.9
431,San Lazaro,BZ,2022-03-10 03:34:07,18.0387,-88.6622,73.53,95,0,5.86
432,Vestmannaeyjar,IS,2022-03-10 03:34:08,63.4427,-20.2734,38.71,79,100,29.42
433,Termoli,IT,2022-03-10 03:34:08,41.9888,14.9895,39.58,62,53,13.49
434,Yeppoon,AU,2022-03-10 03:34:09,-23.1333,150.7333,85.78,72,39,15.19
435,Quatre Cocos,MU,2022-03-10 03:34:09,-20.2078,57.7625,81.09,82,22,9.13
436,Sao Miguel Do Araguaia,BR,2022-03-10 03:34:10,-13.275,-50.1628,71.17,88,10,1.12
437,Marquard,ZA,2022-03-10 03:34:10,-28.6645,27.4305,56.08,91,40,2.86
438,Heide,DE,2022-03-10 03:34:11,54.2,9.1,36.86,85,23,8.88
439,Amapa,BR,2022-03-10 03:34:12,1.0,-52.0,71.11,100,100,1.01
440,Mapiripan,CO,2022-03-10 03:34:12,2.8892,-72.1256,76.1,70,84,3.36
441,Sarangani,PH,2022-03-10 03:34:13,5.4033,125.4636,82.67,74,26,3.6
442,Praia Da Vitoria,PT,2022-03-10 03:34:13,38.7333,-27.0667,62.85,82,40,20.96
443,College,US,2022-03-10 03:34:14,64.8569,-147.8028,30.15,86,100,8.05
444,Swan River,CA,2022-03-10 03:34:14,52.1058,-101.2676,-4.11,71,74,11.5
445,Msowero,TZ,2022-03-10 03:34:15,-6.5333,37.2,69.84,96,100,1.16
446,Kanniyakumari,IN,2022-03-10 03:33:05,8.0833,77.5667,83.46,58,88,13.13
447,Halifax,CA,2022-03-10 03:32:25,44.6453,-63.5724,32.05,91,100,1.99
448,Aden,YE,2022-03-10 03:30:07,12.7794,45.0367,77.16,72,31,18.32
449,Borovichi,RU,2022-03-10 03:34:16,58.3878,33.9155,-6.75,100,11,2.04
450,Benguela,AO,2022-03-10 03:34:16,-12.5763,13.4055,76.64,82,45,1.92
451,Izhma,RU,2022-03-10 03:34:17,65.0083,53.9113,-7.22,98,14,5.21
452,Gushikawa,JP,2022-03-10 03:34:17,26.3544,127.8686,69.8,50,40,11.5
453,Labrea,BR,2022-03-10 03:34:18,-7.2586,-64.7981,73.0,97,80,1.99
454,Big Rapids,US,2022-03-10 03:34:18,43.6981,-85.4837,25.57,80,0,0.0
455,Maba,CN,2022-03-10 03:34:19,24.6841,113.5984,75.9,43,1,6.06
456,Ust-Nera,RU,2022-03-10 03:32:32,64.5667,143.2,15.39,91,100,0.63
457,Kamina,CD,2022-03-10 03:34:19,-8.7386,24.9906,63.18,95,100,2.84
458,Grand-Santi,GF,2022-03-10 03:34:20,4.25,-54.3833,71.85,100,100,1.28
459,Fort Frances,CA,2022-03-10 03:35:20,48.5999,-93.4003,1.62,55,0,4.61
460,Pachino,IT,2022-03-10 03:35:21,36.7186,15.0907,33.84,64,0,6.53
461,Qaqortoq,GL,2022-03-10 03:35:22,60.7167,-46.0333,9.1,82,1,3.78
462,Tongzi,CN,2022-03-10 03:35:22,28.7829,105.0877,78.96,39,76,1.01
463,Santa Lucia,ES,2022-03-10 03:35:23,27.9117,-15.5407,54.72,63,20,13.8
464,Manta,EC,2022-03-10 03:33:52,-0.95,-80.7333,76.48,86,100,5.32
465,Lhokseumawe,ID,2022-03-10 03:35:23,5.1801,97.1507,84.83,68,93,5.1
466,Yangambi,CD,2022-03-10 03:35:24,0.8102,24.4336,69.26,98,100,2.39
467,Trinidad,BO,2022-03-10 03:35:24,-14.8333,-64.9,71.92,96,100,3.6
468,Zykovo,RU,2022-03-10 03:35:25,55.9519,93.1461,7.54,76,68,1.63
469,Terra Rica,BR,2022-03-10 03:35:26,-22.7094,-52.6169,73.49,83,22,3.51
470,Sampit,ID,2022-03-10 03:35:26,-2.5333,112.95,91.38,52,83,4.47
471,Kikwit,CD,2022-03-10 03:35:27,-5.041,18.8162,72.73,85,99,1.07
472,Port Hardy,CA,2022-03-10 03:32:26,50.6996,-127.4199,44.76,80,20,5.75
473,Mercedes,AR,2022-03-10 03:35:27,-34.6515,-59.4307,63.18,94,72,3.83
474,Sakakah,SA,2022-03-10 03:32:51,29.9697,40.2064,60.37,53,97,6.55
475,Carballo,ES,2022-03-10 03:35:28,43.213,-8.691,42.91,93,9,4.18
476,Raga,SS,2022-03-10 03:35:28,8.4596,25.678,77.04,36,100,4.61
477,Sontra,DE,2022-03-10 03:35:29,51.0667,9.9333,35.01,75,0,2.53
478,Margahayu,ID,2022-03-10 03:35:29,-6.4264,105.8646,83.23,77,86,5.95
479,Chapais,CA,2022-03-10 03:35:30,49.7834,-74.8492,26.38,97,100,8.84
480,Nhulunbuy,AU,2022-03-10 03:35:31,-12.2333,136.7667,90.21,58,40,10.36
481,San-Pedro,CI,2022-03-10 03:35:31,4.7485,-6.6363,78.12,95,90,6.35
482,Saint-Pierre,RE,2022-03-10 03:35:32,-21.3393,55.4781,83.91,78,0,5.75
483,Jadu,LY,2022-03-10 03:35:32,31.953,12.0261,41.11,69,0,2.35
484,Vangaindrano,MG,2022-03-10 03:35:33,-23.35,47.6,76.01,91,28,1.95
485,Polis,CY,2022-03-10 03:35:33,35.0367,32.4264,57.02,77,34,16.89
486,Jha Jha,IN,2022-03-10 03:35:34,24.7667,86.3667,82.8,15,3,6.11
487,Palu,ID,2022-03-10 03:34:15,-0.8917,119.8707,91.54,56,77,4.5
488,Harper,LR,2022-03-10 03:35:35,4.375,-7.7169,79.7,91,70,6.11
489,Dasna,IN,2022-03-10 03:35:35,28.6833,77.5333,69.94,30,8,8.08
490,Ariquemes,BR,2022-03-10 03:31:20,-9.9133,-63.0408,71.74,99,92,1.14
491,Asyut,EG,2022-03-10 03:35:36,27.181,31.1837,56.88,63,37,6.6
492,Uthal,PK,2022-03-10 03:35:37,25.8072,66.6219,80.6,29,90,4.5
493,Gasa,PS,2022-03-10 03:35:37,31.5,34.4667,53.89,84,57,11.99
494,Moron,AR,2022-03-10 03:35:38,-34.6534,-58.6198,65.95,91,99,3.58
495,Nalut,LY,2022-03-10 03:35:38,30.3333,10.85,44.47,72,1,8.97
496,Saint-Jean-De-Maurienne,FR,2022-03-10 03:35:39,45.1667,6.5833,18.14,44,0,2.24
497,Port-Cartier,CA,2022-03-10 03:35:39,50.0334,-66.8654,26.71,99,100,1.77
498,Chake Chake,TZ,2022-03-10 03:35:40,-5.2459,39.7666,80.73,69,100,5.55
499,Duvan,RU,2022-03-10 03:35:40,55.695,57.9024,8.37,95,100,3.62
500,Cabatuan,PH,2022-03-10 03:35:41,10.8794,122.486,83.26,74,100,12.48
501,Ketchikan,US,2022-03-10 03:35:42,55.3422,-131.6461,39.67,56,40,6.91
502,Sevierville,US,2022-03-10 03:31:57,35.8681,-83.5618,48.67,86,75,0.0
503,Madang,PG,2022-03-10 03:36:42,-5.2246,145.7966,84.15,67,90,5.7
504,Svetlyy,RU,2022-03-10 03:36:43,54.675,20.1347,21.25,66,7,10.85
505,Pozoblanco,ES,2022-03-10 03:36:44,38.3791,-4.8483,37.98,86,98,2.24
506,Chitral,PK,2022-03-10 03:36:44,35.8462,71.7858,46.33,63,14,5.88
507,Ndele,CF,2022-03-10 03:36:44,8.4109,20.6473,77.02,48,89,4.32
508,Te Anau,NZ,2022-03-10 03:36:45,-45.4167,167.7167,74.98,41,83,5.32
509,Ozinki,RU,2022-03-10 03:36:46,51.1786,49.6769,21.6,95,100,11.92
510,Soller,ES,2022-03-10 03:36:46,39.7662,2.7152,51.85,88,54,1.99
511,Havre-Saint-Pierre,CA,2022-03-10 03:36:46,50.2334,-63.5986,24.8,86,0,4.61
512,Sabang,ID,2022-03-10 03:36:47,5.8933,95.3214,82.42,73,83,9.22
513,Liberia,LR,2022-03-10 03:36:47,6.5,-9.5,74.12,99,40,2.46
514,Egvekinot,RU,2022-03-10 03:36:48,66.3167,-179.1667,14.43,69,0,12.12
515,Oktyabrskiy,RU,2022-03-10 03:36:48,54.4815,53.471,9.34,98,100,5.37
516,Nyeri,KE,2022-03-10 03:36:49,-0.4201,36.9476,56.55,86,100,1.39
517,La Ronge,CA,2022-03-10 03:33:21,55.1001,-105.2842,3.45,60,75,5.75
518,Wahpeton,US,2022-03-10 03:36:50,46.2652,-96.6059,7.02,78,20,6.91
519,Brae,GB,2022-03-10 03:36:50,60.3964,-1.353,40.91,85,100,9.33
520,Numan,NG,2022-03-10 03:36:51,9.4667,12.0333,78.13,31,100,6.85
521,Along,IN,2022-03-10 03:36:51,28.1667,94.7667,82.47,29,3,1.41
522,Asosa,ET,2022-03-10 03:36:52,10.0667,34.5333,72.19,23,99,3.78
523,Auki,SB,2022-03-10 03:36:53,-8.7676,160.7034,83.79,76,67,3.98
524,Houma,US,2022-03-10 03:34:49,29.5958,-90.7195,55.4,89,100,1.99
525,Labuhan,ID,2022-03-10 03:36:53,-6.8844,112.2051,82.72,75,91,6.04
526,Noumea,NC,2022-03-10 03:36:54,-22.2763,166.4572,87.78,70,9,8.08
527,Sussex,US,2022-03-10 03:32:52,41.1834,-74.6663,34.09,80,99,3.04
528,Necochea,AR,2022-03-10 03:36:55,-38.5473,-58.7368,57.38,54,4,2.98
529,Batemans Bay,AU,2022-03-10 03:36:55,-35.7167,150.1833,72.19,55,16,10.22
530,Muros,ES,2022-03-10 03:35:15,42.7762,-9.0603,46.24,83,30,6.42
531,Okato,NZ,2022-03-10 03:36:56,-39.2,173.8833,70.68,82,90,5.35
532,Tateyama,JP,2022-03-10 03:36:56,34.9833,139.8667,55.67,53,80,1.19
533,Forio,IT,2022-03-10 03:36:57,40.7342,13.8646,47.28,72,0,3.0
534,Muncar,ID,2022-03-10 03:36:57,-8.4333,114.3333,85.68,70,43,5.39
535,Ballitoville,ZA,2022-03-10 03:36:58,-29.539,31.2144,71.24,88,0,2.3
536,Vardo,NO,2022-03-10 03:36:58,70.3705,31.1107,26.8,82,100,24.61
537,Colares,PT,2022-03-10 03:36:59,38.7992,-9.4469,56.89,73,22,11.88
538,Puerto Del Rosario,ES,2022-03-10 03:36:59,28.5004,-13.8627,60.55,67,40,8.05
539,Bajil,YE,2022-03-10 03:37:00,15.0584,43.2851,74.43,72,74,3.29
540,Viedma,AR,2022-03-10 03:37:00,-40.8135,-62.9967,61.12,25,0,10.56
541,Kedougou,SN,2022-03-10 03:37:00,12.5579,-12.1743,78.93,18,49,3.2
542,Ust-Omchug,RU,2022-03-10 03:37:01,61.15,149.6333,17.65,83,38,3.8
543,Camacha,PT,2022-03-10 03:37:01,33.0833,-16.3333,54.82,77,20,4.61
544,Qitaihe,CN,2022-03-10 03:37:02,45.8,130.85,42.94,66,27,10.04
545,Lubao,PH,2022-03-10 03:37:02,14.9167,120.55,87.87,46,27,14.34
546,Yura,PE,2022-03-10 03:37:03,-16.2522,-71.6797,50.52,100,100,3.44
547,Khandyga,RU,2022-03-10 03:37:04,62.6667,135.6,8.01,91,100,2.68
548,Kitimat,CA,2022-03-10 03:37:04,54.0524,-128.6534,35.98,62,72,2.19
549,Waddan,LY,2022-03-10 03:38:05,29.1614,16.139,47.71,60,1,9.37
550,Ust-Tsilma,RU,2022-03-10 03:38:05,65.441,52.1498,-6.11,98,14,4.99
551,Diapaga,BF,2022-03-10 03:38:06,12.0708,1.7889,79.56,11,10,7.31
552,Gazli,UZ,2022-03-10 03:38:07,40.1333,63.45,52.95,59,100,16.31
553,Andilamena,MG,2022-03-10 03:38:07,-17.0167,48.5833,68.23,96,100,2.77
554,Poum,NC,2022-03-10 03:38:08,-20.2333,164.0167,82.26,72,23,14.2
555,Ingham,US,2022-03-10 03:38:09,42.6,-84.3833,30.74,77,0,4.61
