City_ID,City,Country,Date,Lat,Lng,Max Temp,Humidity,Cloudiness,Wind Speed,Current Description
0,Quang Ngai,VN,2022-03-10 16:58:35,15.1167,108.8,66.81,91,72,5.3,broken clouds
1,Manjeshwar,IN,2022-03-10 16:58:35,12.7194,74.8861,83.35,82,3,6.38,clear sky
2,Mindelo,CV,2022-03-10 16:58:35,16.8901,-24.9804,74.75,53,40,31.07,scattered clouds
3,Santa Maria,BR,2022-03-10 16:58:36,-29.6842,-53.8069,76.3,83,75,4.61,moderate rain
4,Vardo,NO,2022-03-10 16:58:36,70.3705,31.1107,30.18,80,98,36.82,overcast clouds
5,Ribeira Grande,PT,2022-03-10 16:58:37,38.5167,-28.7,59.4,63,40,26.46,scattered clouds
6,Cape Town,ZA,2022-03-10 16:52:17,-33.9258,18.4232,74.1,56,0,18.41,clear sky
7,Tuy Hoa,VN,2022-03-10 16:58:37,13.0833,109.3,69.8,93,93,6.06,overcast clouds
8,Sao Filipe,CV,2022-03-10 16:58:38,14.8961,-24.4956,72.21,68,1,9.84,clear sky
9,Bubaque,GW,2022-03-10 16:58:38,11.2833,-15.8333,76.17,71,100,17.09,overcast clouds
10,Clyde River,CA,2022-03-10 16:58:39,70.4692,-68.5914,-16.37,69,0,3.44,clear sky
11,Chuy,UY,2022-03-10 16:57:29,-33.6971,-53.4616,74.41,65,96,12.59,overcast clouds
12,Khatanga,RU,2022-03-10 16:53:31,71.9667,102.5,-11.81,99,99,4.27,overcast clouds
13,Kapaa,US,2022-03-10 16:48:56,22.0752,-159.319,68.32,75,100,5.75,moderate rain
14,Vostok,RU,2022-03-10 16:58:40,46.4856,135.8833,31.82,98,100,5.39,overcast clouds
15,Bathsheba,BB,2022-03-10 16:58:40,13.2167,-59.5167,84.81,70,40,23.02,scattered clouds
16,Asau,RO,2022-03-10 16:52:11,46.4333,26.4,24.28,86,100,8.97,light snow
17,Ushuaia,AR,2022-03-10 16:49:06,-54.8,-68.3,53.22,53,40,4.61,scattered clouds
18,Hithadhoo,MV,2022-03-10 16:56:15,-0.6,73.0833,82.76,61,9,5.12,clear sky
19,Kampene,CD,2022-03-10 16:58:42,-3.6,26.6667,76.66,77,97,1.86,overcast clouds
20,Santo Domingo,DO,2022-03-10 16:55:55,18.5001,-69.9886,85.68,70,40,11.5,scattered clouds
21,Port Elizabeth,ZA,2022-03-10 16:52:23,-33.918,25.5701,75.49,73,0,5.75,clear sky
22,Barrow,US,2022-03-10 16:48:55,71.2906,-156.7887,-14.78,76,0,6.91,clear sky
23,Svetlaya,RU,2022-03-10 16:52:09,46.5389,138.3297,32.7,90,100,4.5,light snow
24,Cidreira,BR,2022-03-10 16:56:11,-30.1811,-50.2056,79.95,76,99,12.12,overcast clouds
25,Coihaique,CL,2022-03-10 16:58:44,-45.5752,-72.0662,64.35,55,40,5.75,scattered clouds
26,Busselton,AU,2022-03-10 16:49:06,-33.65,115.3333,71.62,51,40,10.65,scattered clouds
27,Rikitea,PF,2022-03-10 16:48:59,-23.1203,-134.9692,78.46,70,74,6.87,broken clouds
28,Joaima,BR,2022-03-10 16:58:44,-16.6542,-41.0306,85.82,55,66,7.02,broken clouds
29,Georgetown,MY,2022-03-10 16:48:46,5.4112,100.3354,82.35,88,20,2.3,few clouds
30,Isangel,VU,2022-03-10 16:54:48,-19.55,169.2667,77.92,80,100,5.32,overcast clouds
31,Bredasdorp,ZA,2022-03-10 16:52:18,-34.5322,20.0403,72.72,60,6,12.66,clear sky
32,Lebu,CL,2022-03-10 16:52:25,-37.6167,-73.65,61.14,69,1,22.39,clear sky
33,Upernavik,GL,2022-03-10 16:51:03,72.7868,-56.1549,-2.22,88,100,7.83,overcast clouds
34,Mataura,NZ,2022-03-10 16:48:58,-46.1927,168.8643,59.49,91,66,3.71,broken clouds
35,Impfondo,CG,2022-03-10 16:56:15,1.6381,18.0667,76.96,74,100,6.31,overcast clouds
36,Sokoni,TZ,2022-03-10 16:58:47,-6.4333,39.55,84.06,73,87,12.91,overcast clouds
37,Severo-Kurilsk,RU,2022-03-10 16:50:59,50.6789,156.125,29.08,94,100,18.59,light snow
38,Hasaki,JP,2022-03-10 16:52:11,35.7333,140.8333,43.2,63,31,7.34,scattered clouds
39,Yellowknife,CA,2022-03-10 16:50:53,62.456,-114.3525,-14.71,69,0,10.36,clear sky
40,Aklavik,CA,2022-03-10 16:58:48,68.2191,-135.0107,-16.6,76,75,2.3,broken clouds
41,Ishinomaki,JP,2022-03-10 16:58:48,38.4167,141.3,40.75,84,5,6.24,clear sky
42,Carauari,BR,2022-03-10 16:58:49,-4.8828,-66.8958,87.24,60,84,3.83,broken clouds
43,Butaritari,KI,2022-03-10 16:53:29,3.0707,172.7902,80.6,81,96,14.25,light rain
44,Tucumcari,US,2022-03-10 16:59:50,35.1717,-103.725,29.68,45,15,9.75,few clouds
45,Chokurdakh,RU,2022-03-10 16:59:50,70.6333,147.9167,-7.35,98,100,1.23,overcast clouds
46,Fasa,IR,2022-03-10 16:59:50,28.9383,53.6482,65.44,34,56,4.61,broken clouds
47,Ocos,GT,2022-03-10 16:59:51,14.5094,-92.1933,83.82,59,80,4.83,broken clouds
48,Hilo,US,2022-03-10 16:57:01,19.7297,-155.09,71.62,85,2,3.0,clear sky
49,Cherskiy,RU,2022-03-10 16:59:51,68.75,161.3,10.33,73,95,9.31,overcast clouds
50,Kaitangata,NZ,2022-03-10 16:50:57,-46.2817,169.8464,53.13,96,60,3.2,broken clouds
51,Launceston,AU,2022-03-10 16:59:52,-41.45,147.1667,50.61,82,100,8.05,overcast clouds
52,Klaksvik,FO,2022-03-10 16:59:53,62.2266,-6.589,41.92,91,100,23.51,overcast clouds
53,Fort Nelson,CA,2022-03-10 16:59:53,58.8053,-122.7002,0.99,66,75,0.0,broken clouds
54,Jamestown,US,2022-03-10 16:50:29,42.097,-79.2353,41.02,42,100,5.99,overcast clouds
55,Wieliczka,PL,2022-03-10 16:59:54,49.9874,20.0647,29.95,59,23,5.61,few clouds
56,Muroto,JP,2022-03-10 16:59:54,33.2833,134.15,56.23,61,100,8.03,overcast clouds
57,Puerto Ayora,EC,2022-03-10 16:59:55,-0.7393,-90.3518,84.16,86,51,7.0,broken clouds
58,Punta Arenas,CL,2022-03-10 16:51:04,-53.15,-70.9167,50.11,53,20,9.22,few clouds
59,New Norfolk,AU,2022-03-10 16:59:55,-42.7826,147.0587,54.9,91,1,2.86,clear sky
60,Albany,US,2022-03-10 16:46:33,42.6001,-73.9662,40.26,81,26,1.01,scattered clouds
61,Leningradskiy,RU,2022-03-10 16:59:56,69.3833,178.4167,4.35,76,4,6.17,clear sky
62,Narsaq,GL,2022-03-10 16:59:56,60.9167,-46.05,9.93,57,0,2.24,clear sky
63,Caiaponia,BR,2022-03-10 16:59:57,-16.9567,-51.8103,85.3,51,34,5.37,scattered clouds
64,The Valley,AI,2022-03-10 16:57:33,18.217,-63.0578,82.54,61,20,20.71,few clouds
65,Naze,JP,2022-03-10 16:52:17,28.3667,129.4833,57.7,61,94,6.73,overcast clouds
66,Palmer,US,2022-03-10 16:59:35,42.1584,-72.3287,46.78,62,68,1.99,broken clouds
67,Sioux Lookout,CA,2022-03-10 16:59:03,50.1001,-91.917,1.47,66,20,6.91,few clouds
68,Pangkalanbuun,ID,2022-03-10 16:59:58,-2.6833,111.6167,74.39,98,82,2.62,broken clouds
69,Maldonado,UY,2022-03-10 16:59:59,-34.6667,-54.9167,70.99,73,100,13.6,overcast clouds
70,Geraldton,AU,2022-03-10 16:53:43,-28.7667,114.6,72.01,56,2,3.44,clear sky
71,Qaanaaq,GL,2022-03-10 16:52:21,77.484,-69.3632,-3.32,60,99,3.56,overcast clouds
72,Charters Towers,AU,2022-03-10 16:59:59,-20.1,146.2667,78.08,85,78,9.53,broken clouds
73,Provideniya,RU,2022-03-10 16:53:38,64.3833,-173.3,10.92,53,0,15.41,clear sky
74,Bud,US,2022-03-10 17:00:00,39.447,-86.1758,47.75,59,73,6.38,broken clouds
75,Novo Aripuana,BR,2022-03-10 17:00:01,-5.1206,-60.3797,77.25,85,100,3.33,overcast clouds
76,Sibolga,ID,2022-03-10 17:00:02,1.7427,98.7792,76.44,90,100,3.56,light rain
77,Rongcheng,CN,2022-03-10 17:00:03,30.634,117.8517,61.48,73,90,3.56,overcast clouds
78,Del Rio,US,2022-03-10 17:00:06,29.3627,-100.8968,63.23,50,0,11.99,clear sky
79,Dikson,RU,2022-03-10 16:56:04,73.5069,80.5464,-13.09,98,86,11.7,overcast clouds
80,Tasiilaq,GL,2022-03-10 17:00:09,65.6145,-37.6368,22.44,84,100,21.27,light snow
81,Sisimiut,GL,2022-03-10 17:00:11,66.9395,-53.6735,-3.42,93,77,4.27,broken clouds
82,Erzin,TR,2022-03-10 16:56:16,36.9559,36.2,47.79,85,100,7.65,overcast clouds
83,Bluff,NZ,2022-03-10 17:00:12,-46.6,168.3333,59.81,88,75,7.94,broken clouds
84,Pareora,NZ,2022-03-10 17:00:17,-44.4871,171.2132,59.18,97,20,5.1,few clouds
85,Vaini,TO,2022-03-10 16:50:55,-21.2,-175.2,77.16,88,40,2.3,thunderstorm
86,Sept-Iles,CA,2022-03-10 16:58:54,50.2001,-66.3821,35.06,77,75,11.5,broken clouds
87,Meulaboh,ID,2022-03-10 17:00:23,4.1363,96.1285,74.75,95,100,4.54,heavy intensity rain
88,Ishikari,JP,2022-03-10 17:00:24,43.2397,141.3539,29.26,90,71,8.32,broken clouds
89,Harlingen,US,2022-03-10 17:00:28,26.1906,-97.6961,69.76,85,100,6.91,overcast clouds
90,Atuona,PF,2022-03-10 17:00:30,-9.8,-139.0333,77.97,72,23,17.11,few clouds
91,Mandiana,GN,2022-03-10 17:01:31,10.6333,-8.6833,102.42,8,81,3.06,broken clouds
92,Mitsamiouli,KM,2022-03-10 17:01:31,-11.3847,43.2844,79.88,82,100,3.51,light rain
93,Mitu,CO,2022-03-10 17:00:16,1.1983,-70.1733,84.51,69,86,3.58,light rain
94,Sakakah,SA,2022-03-10 17:01:32,29.9697,40.2064,67.64,42,51,6.69,broken clouds
95,Souillac,MU,2022-03-10 17:01:32,-20.5167,57.5167,79.36,85,8,8.01,clear sky
96,Nalut,LY,2022-03-10 17:01:33,30.3333,10.85,60.37,23,99,8.46,overcast clouds
97,Alyangula,AU,2022-03-10 17:01:33,-13.8483,136.4192,83.77,73,45,8.01,scattered clouds
98,Nuuk,GL,2022-03-10 17:01:31,64.1835,-51.7216,12.81,73,75,4.61,broken clouds
99,Nikolskoye,RU,2022-03-10 16:53:29,59.7035,30.7861,26.49,88,17,6.29,few clouds
100,Mahebourg,MU,2022-03-10 16:52:22,-20.4081,57.7,80.89,83,40,5.75,scattered clouds
101,Mancora,PE,2022-03-10 17:01:34,-4.1078,-81.0475,84.85,56,56,9.57,broken clouds
102,Piacabucu,BR,2022-03-10 17:01:35,-10.4056,-36.4344,85.28,64,99,11.07,overcast clouds
103,Katsuura,JP,2022-03-10 17:01:35,35.1333,140.3,53.13,64,97,7.36,overcast clouds
104,Codrington,AU,2022-03-10 17:01:36,-38.2667,141.9667,56.03,81,25,7.11,scattered clouds
105,Alofi,NU,2022-03-10 17:01:36,-19.0595,-169.9187,81.23,73,100,7.99,light rain
106,Hermanus,ZA,2022-03-10 16:52:13,-34.4187,19.2345,73.8,66,0,16.93,clear sky
107,Anadyr,RU,2022-03-10 16:53:37,64.75,177.4833,5.76,77,0,9.73,clear sky
108,Kodiak,US,2022-03-10 16:52:13,57.79,-152.4072,42.31,87,100,17.27,moderate rain
109,Namibe,AO,2022-03-10 17:01:37,-15.1961,12.1522,74.3,77,23,8.43,few clouds
110,Pevek,RU,2022-03-10 16:55:02,69.7008,170.3133,12.11,63,5,13.35,clear sky
111,Pirovskoye,RU,2022-03-10 17:01:38,57.6267,92.2658,-13.36,100,95,2.68,overcast clouds
112,Samarai,PG,2022-03-10 17:01:39,-10.6167,150.6667,81.52,79,100,5.84,overcast clouds
113,Port Augusta,AU,2022-03-10 17:01:39,-32.5,137.7667,64.44,44,17,5.12,few clouds
114,Mounana,GA,2022-03-10 17:01:40,-1.4085,13.1586,77.13,84,97,1.92,moderate rain
115,Hay River,CA,2022-03-10 16:58:15,60.8156,-115.7999,-13.02,64,20,13.8,few clouds
116,Maraa,BR,2022-03-10 17:01:40,-1.8333,-65.3667,89.56,50,57,5.64,broken clouds
117,Birao,CF,2022-03-10 17:01:41,10.2849,22.7882,93.13,8,69,4.29,broken clouds
118,Miri,MY,2022-03-10 17:00:49,4.4148,114.0089,76.96,87,100,1.21,overcast clouds
119,Saldanha,ZA,2022-03-10 16:57:28,-33.0117,17.9442,80.65,84,15,17.78,few clouds
120,Kruisfontein,ZA,2022-03-10 17:01:41,-34.0033,24.7314,71.89,82,50,7.74,scattered clouds
121,Namatanai,PG,2022-03-10 17:01:42,-3.6667,152.4333,78.8,80,100,2.1,overcast clouds
122,Daru,PG,2022-03-10 17:01:42,-9.0763,143.2092,78.39,88,99,4.81,overcast clouds
123,Mkushi,ZM,2022-03-10 17:01:43,-13.6202,29.3939,65.86,97,43,5.44,scattered clouds
124,Springdale,US,2022-03-10 17:01:43,36.1867,-94.1288,54.72,49,0,12.66,clear sky
125,Tabuk,PH,2022-03-10 17:01:44,17.4189,121.4443,71.71,86,100,2.15,overcast clouds
126,Turukhansk,RU,2022-03-10 17:01:45,65.8167,87.9833,-25.96,100,99,4.59,overcast clouds
127,Riyadh,SA,2022-03-10 16:58:48,24.6877,46.7219,91.54,11,19,17.85,few clouds
128,Cabedelo,BR,2022-03-10 17:01:46,-6.9811,-34.8339,85.82,59,94,14.56,overcast clouds
129,Shenzhen,CN,2022-03-10 16:59:18,22.5455,114.0683,69.75,80,0,5.21,clear sky
130,Saint George,US,2022-03-10 16:51:02,37.1041,-113.5841,41.59,65,100,19.57,overcast clouds
131,Chaves,US,2022-03-10 17:01:47,33.3834,-104.4505,36.01,44,0,14.97,clear sky
132,Iqaluit,CA,2022-03-10 16:53:32,63.7506,-68.5145,-5.31,83,75,2.3,broken clouds
133,Ewa Beach,US,2022-03-10 16:56:23,21.3156,-158.0072,74.7,86,7,3.0,clear sky
134,Hindaun,IN,2022-03-10 17:01:47,26.7167,77.0167,74.53,31,39,2.71,scattered clouds
135,Kavieng,PG,2022-03-10 17:01:48,-2.5744,150.7967,81.46,75,96,3.65,overcast clouds
136,Amapa,BR,2022-03-10 17:01:48,1.0,-52.0,75.33,98,100,1.14,overcast clouds
137,Lagoa,PT,2022-03-10 17:02:49,39.05,-27.9833,56.53,62,100,29.01,overcast clouds
138,Ostrovnoy,RU,2022-03-10 17:02:49,68.0531,39.5131,24.31,87,86,21.83,overcast clouds
139,Saint-Philippe,RE,2022-03-10 17:02:50,-21.3585,55.7679,80.19,84,39,9.53,scattered clouds
140,Havre,FR,2022-03-10 17:02:50,49.5833,0.3333,58.77,58,100,10.36,overcast clouds
141,Port Hawkesbury,CA,2022-03-10 17:02:50,45.6169,-61.3485,43.79,66,27,7.0,scattered clouds
142,Arraial Do Cabo,BR,2022-03-10 17:02:51,-22.9661,-42.0278,79.77,81,3,18.23,clear sky
143,Krasnovishersk,RU,2022-03-10 17:02:51,60.4078,57.082,-7.24,99,67,3.0,broken clouds
144,Saint-Donat-De-Montcalm,CA,2022-03-10 17:02:52,46.3187,-74.2219,28.83,70,57,12.15,broken clouds
145,Mamallapuram,IN,2022-03-10 17:02:52,12.6264,80.1722,82.06,71,19,8.41,few clouds
146,Flinders,AU,2022-03-10 17:02:53,-34.5833,150.8552,63.18,76,93,7.0,overcast clouds
147,Ponta Do Sol,PT,2022-03-10 17:02:53,32.6667,-17.1,70.43,76,40,8.66,scattered clouds
148,Desaguadero,PE,2022-03-10 17:02:54,-16.5656,-69.0417,53.1,60,92,5.19,overcast clouds
149,Alexandria,EG,2022-03-10 17:00:04,31.2156,29.9553,57.2,57,7,28.59,clear sky
150,Airai,TL,2022-03-10 17:02:54,-8.9266,125.4092,60.91,94,99,1.41,overcast clouds
151,Elat,IL,2022-03-10 17:02:55,29.5581,34.9482,67.05,33,7,18.37,clear sky
152,Vestmannaeyjar,IS,2022-03-10 16:53:40,63.4427,-20.2734,47.39,93,100,23.02,fog
153,Olkhovka,RU,2022-03-10 17:02:55,53.2115,60.6069,4.32,97,100,9.66,overcast clouds
154,Lorengau,PG,2022-03-10 17:02:56,-2.0226,147.2712,79.72,78,96,1.63,overcast clouds
155,Tuktoyaktuk,CA,2022-03-10 17:02:56,69.4541,-133.0374,-16.15,100,100,5.97,overcast clouds
156,Aripuana,BR,2022-03-10 17:02:57,-9.1667,-60.6333,77.86,89,95,3.74,overcast clouds
157,Avarua,CK,2022-03-10 16:53:42,-21.2078,-159.775,80.65,83,75,8.05,broken clouds
158,Beneditinos,BR,2022-03-10 17:02:57,-5.45,-42.3667,91.45,50,98,1.43,overcast clouds
159,Allahganj,IN,2022-03-10 17:02:58,27.55,79.6833,72.23,33,0,7.07,clear sky
160,Ishigaki,JP,2022-03-10 17:02:58,24.3448,124.1572,69.39,68,100,14.85,overcast clouds
161,Broome,US,2022-03-10 17:02:58,42.2506,-75.833,43.47,69,0,5.75,clear sky
162,Port Alfred,ZA,2022-03-10 16:53:35,-33.5906,26.891,73.83,86,23,9.75,few clouds
163,Haimen,CN,2022-03-10 17:02:59,23.1935,116.6142,64.72,80,0,0.87,clear sky
164,Verkhnyaya Inta,RU,2022-03-10 17:03:00,65.9811,60.3094,-5.03,95,27,8.23,scattered clouds
165,Husavik,IS,2022-03-10 16:53:40,66.0449,-17.3389,38.28,87,100,11.77,overcast clouds
166,Gazimurskiy Zavod,RU,2022-03-10 17:03:00,51.5461,118.3266,15.66,91,98,11.3,overcast clouds
167,Salinopolis,BR,2022-03-10 17:03:01,-0.6136,-47.3561,79.41,86,92,8.21,moderate rain
168,San Rafael,AR,2022-03-10 17:03:01,-34.6177,-68.3301,75.33,25,0,9.13,clear sky
169,Zonguldak,TR,2022-03-10 17:03:02,41.25,31.8333,27.77,79,100,6.17,light snow
170,Fortuna,US,2022-03-10 17:03:02,40.5982,-124.1573,45.99,93,6,1.99,clear sky
171,Grand Gaube,MU,2022-03-10 17:03:03,-20.0064,57.6608,79.38,86,1,1.99,clear sky
172,Alice Springs,AU,2022-03-10 16:49:36,-23.7,133.8833,66.22,33,9,0.0,clear sky
173,Sao Joao Da Barra,BR,2022-03-10 16:53:33,-21.6403,-41.0511,87.89,72,5,11.39,clear sky
174,Nanortalik,GL,2022-03-10 17:03:03,60.1432,-45.2371,14.31,64,0,13.71,clear sky
175,Yanam,IN,2022-03-10 17:03:04,16.7333,82.2167,72.73,79,2,2.33,clear sky
176,Marsa Matruh,EG,2022-03-10 17:03:04,31.3525,27.2453,54.1,64,32,24.52,scattered clouds
177,Ngunguru,NZ,2022-03-10 17:03:05,-35.6167,174.5,66.27,73,11,10.22,few clouds
178,Baruun-Urt,MN,2022-03-10 17:03:05,46.6806,113.2792,23.5,48,16,2.75,few clouds
179,Maine-Soroa,NE,2022-03-10 17:03:06,13.2114,12.0241,90.73,13,52,12.24,broken clouds
180,Goderich,CA,2022-03-10 17:03:06,43.7501,-81.7165,29.91,70,100,8.19,overcast clouds
181,Verneuil-Sur-Seine,FR,2022-03-10 17:03:07,48.9739,1.9648,61.92,44,0,10.36,clear sky
182,Arrecife,ES,2022-03-10 17:03:07,28.963,-13.5477,66.18,72,20,16.11,few clouds
183,Bilibino,RU,2022-03-10 17:04:08,68.0546,166.4372,-6.23,85,7,4.99,clear sky
184,Longyearbyen,SJ,2022-03-10 17:02:02,78.2186,15.6401,30.04,93,100,13.8,light snow
185,Mountain Home,US,2022-03-10 17:03:00,43.133,-115.6912,24.28,100,0,12.66,clear sky
186,Saint-Georges,GD,2022-03-10 17:04:09,12.0564,-61.7485,78.93,81,94,14.05,overcast clouds
187,Cuamba,MZ,2022-03-10 17:04:09,-14.8031,36.5372,71.83,83,99,4.07,overcast clouds
188,Russell,US,2022-03-10 17:00:15,32.3502,-85.1999,64.96,71,75,3.44,broken clouds
189,Sarangani,PH,2022-03-10 17:04:10,5.4033,125.4636,82.31,78,73,8.34,broken clouds
190,Vila Velha,BR,2022-03-10 16:56:14,-20.3297,-40.2925,80.55,69,20,0.0,few clouds
191,Mar Del Plata,AR,2022-03-10 16:52:38,-38.0023,-57.5575,71.62,63,0,13.8,clear sky
192,Shingu,JP,2022-03-10 17:04:11,33.7333,135.9833,44.51,58,75,5.7,broken clouds
193,Algiers,DZ,2022-03-10 17:04:11,36.7525,3.042,66.02,49,0,8.05,clear sky
194,Porto Seguro,BR,2022-03-10 17:04:12,-16.4497,-39.0647,82.92,83,75,3.44,light rain
195,Tingo Maria,PE,2022-03-10 17:04:12,-9.2895,-76.0088,84.09,57,96,2.68,overcast clouds
196,Fairbanks,US,2022-03-10 17:00:23,64.8378,-147.7164,21.16,81,100,5.75,light snow
197,Ayaviri,PE,2022-03-10 17:04:13,-14.8864,-70.5889,56.39,48,100,3.85,overcast clouds
198,Maningrida,AU,2022-03-10 16:57:35,-12.0667,134.2667,80.19,77,94,1.61,overcast clouds
199,Tigil,RU,2022-03-10 17:04:14,57.8,158.6667,11.97,91,100,2.93,overcast clouds
200,Aguie,NE,2022-03-10 17:04:14,13.506,7.7786,95.88,10,21,11.5,few clouds
201,Mvomero,TZ,2022-03-10 17:04:14,-6.25,38.6667,78.67,78,79,6.22,broken clouds
202,Castro,BR,2022-03-10 17:04:15,-24.7911,-50.0119,75.38,80,62,6.44,broken clouds
203,Constitucion,CL,2022-03-10 17:04:15,-35.3333,-72.4167,68.74,49,0,18.1,clear sky
204,Dawlatabad,AF,2022-03-10 17:04:16,36.4141,64.9053,60.55,65,36,9.95,scattered clouds
205,Acapulco,MX,2022-03-10 17:02:04,16.8634,-99.8901,82.67,53,0,5.77,clear sky
206,Tura,IN,2022-03-10 17:04:16,25.5198,90.2201,70.47,27,3,1.52,clear sky
207,San Cristobal,VE,2022-03-10 17:04:17,7.7669,-72.225,80.33,52,50,4.76,scattered clouds
208,Lavrentiya,RU,2022-03-10 17:04:17,65.5833,-171.0,1.4,69,0,14.41,clear sky
209,Tilichiki,RU,2022-03-10 17:04:18,60.4667,166.1,2.44,91,28,9.95,scattered clouds
210,La Paz,BO,2022-03-10 17:00:06,-16.5,-68.15,54.7,59,97,2.95,overcast clouds
211,Taksimo,RU,2022-03-10 17:03:43,56.3444,114.8794,-1.89,87,95,4.32,overcast clouds
212,Nome,US,2022-03-10 17:04:18,64.5011,-165.4064,19.47,69,0,28.77,clear sky
213,Yangjiang,CN,2022-03-10 17:04:19,21.85,111.9667,66.11,86,5,2.46,clear sky
214,Iquitos,PE,2022-03-10 17:04:19,-3.7481,-73.2472,92.66,46,69,3.67,broken clouds
215,Bambous Virieux,MU,2022-03-10 17:04:20,-20.3428,57.7575,79.21,82,2,9.06,light rain
216,Ilulissat,GL,2022-03-10 17:04:20,69.2167,-51.1,8.62,47,75,1.14,broken clouds
217,Bilma,NE,2022-03-10 17:04:20,18.6853,12.9164,82.71,13,3,11.45,clear sky
218,Puerto Carreno,CO,2022-03-10 17:04:21,6.189,-67.4859,88.68,50,99,3.2,overcast clouds
219,Talnakh,RU,2022-03-10 17:04:22,69.4865,88.3972,-26.39,99,98,5.5,overcast clouds
220,Harindanga,IN,2022-03-10 17:04:22,22.0383,88.3214,76.06,54,62,5.95,broken clouds
221,Necochea,AR,2022-03-10 17:00:14,-38.5473,-58.7368,74.03,36,1,14.63,clear sky
222,Hobart,AU,2022-03-10 17:04:23,-42.8794,147.3294,55.26,71,100,5.75,overcast clouds
223,Phalaborwa,ZA,2022-03-10 17:04:23,-23.943,31.1411,82.27,31,31,6.44,scattered clouds
224,Saint Anthony,US,2022-03-10 17:04:23,45.0205,-93.218,20.89,56,20,12.66,few clouds
225,Vestmanna,FO,2022-03-10 17:04:24,62.1564,-7.1664,40.12,81,20,16.11,few clouds
226,Port Hardy,CA,2022-03-10 17:00:16,50.6996,-127.4199,43.75,68,100,4.36,overcast clouds
227,Sarankhola,BD,2022-03-10 17:04:24,22.3082,89.7897,72.75,50,38,4.76,scattered clouds
228,Hami,CN,2022-03-10 17:04:25,42.8,93.45,50.63,32,100,4.56,overcast clouds
229,Poum,NC,2022-03-10 17:04:25,-20.2333,164.0167,80.82,74,32,13.24,scattered clouds
230,Kaniama,CD,2022-03-10 17:02:16,-7.5667,24.1833,71.49,90,99,3.15,light rain
231,Halifax,CA,2022-03-10 17:05:26,44.6453,-63.5724,40.21,83,70,11.99,broken clouds
232,Carnarvon,AU,2022-03-10 17:05:27,-24.8667,113.6333,78.87,89,0,8.05,clear sky
233,Cabo San Lucas,MX,2022-03-10 17:01:54,22.8909,-109.9124,73.62,68,3,1.01,clear sky
234,East London,ZA,2022-03-10 17:05:27,-33.0153,27.9116,75.78,79,22,8.84,few clouds
235,Thompson,CA,2022-03-10 17:04:30,55.7435,-97.8558,6.37,85,100,2.33,overcast clouds
236,Dobre Miasto,PL,2022-03-10 17:05:28,53.9867,20.3975,29.68,45,1,6.78,clear sky
237,Urumqi,CN,2022-03-10 17:05:28,43.801,87.6005,40.15,70,0,4.47,clear sky
238,Buenos Aires,AR,2022-03-10 17:02:55,-34.6132,-58.3772,78.94,60,78,8.16,broken clouds
239,Pervomayskoye,RU,2022-03-10 17:05:29,43.919,46.7102,38.07,52,99,5.14,overcast clouds
240,Ambilobe,MG,2022-03-10 17:05:30,-13.2,49.05,75.54,95,100,2.1,overcast clouds
241,Juba,SS,2022-03-10 17:00:34,4.8517,31.5825,95.47,20,100,5.5,overcast clouds
242,Sarh,TD,2022-03-10 17:02:14,9.1429,18.3923,99.64,11,89,2.98,overcast clouds
243,Hunchun,CN,2022-03-10 17:05:31,42.8675,130.3581,42.89,75,36,6.4,scattered clouds
244,Namie,JP,2022-03-10 17:05:31,37.4833,141.0,31.71,80,0,5.66,clear sky
245,Svetlyy,RU,2022-03-10 17:05:31,54.675,20.1347,32.05,47,14,8.39,few clouds
246,Baturaja,ID,2022-03-10 17:05:32,-4.1333,104.1667,72.99,99,100,4.47,moderate rain
247,Bayji,IQ,2022-03-10 17:05:32,34.9311,43.487,62.22,44,26,0.25,scattered clouds
248,Villa Carlos Paz,AR,2022-03-10 17:05:33,-31.4241,-64.4978,75.4,39,100,7.0,overcast clouds
249,Pedasi,PA,2022-03-10 17:05:33,7.5333,-80.0333,92.07,64,16,12.3,few clouds
250,Esperance,AU,2022-03-10 17:00:57,-33.8667,121.9,65.34,72,100,13.89,overcast clouds
251,Severo-Yeniseyskiy,RU,2022-03-10 17:05:34,60.3725,93.0408,-22.49,100,98,3.04,overcast clouds
252,Manono,CD,2022-03-10 17:05:34,-7.3,27.4167,75.16,90,99,3.27,overcast clouds
253,Leua,SK,2022-03-10 17:05:35,48.2156,18.6071,44.92,42,92,9.6,overcast clouds
254,Hambantota,LK,2022-03-10 17:05:35,6.1241,81.1185,79.45,76,12,6.46,few clouds
255,Nicoya,CR,2022-03-10 17:05:35,10.1483,-85.452,93.0,35,0,3.47,clear sky
256,Sovetskiy,RU,2022-03-10 17:05:36,61.3614,63.5842,-12.95,100,69,2.73,broken clouds
257,Faanui,PF,2022-03-10 17:05:37,-16.4833,-151.75,80.22,72,84,11.25,light rain
258,Jiwani,PK,2022-03-10 17:05:37,25.05,61.7417,75.42,82,0,7.7,clear sky
259,Zapolyarnyy,RU,2022-03-10 17:05:38,69.4154,30.8136,27.68,91,88,20.69,overcast clouds
260,Trairi,BR,2022-03-10 17:05:38,-3.2778,-39.2689,85.28,65,99,10.63,overcast clouds
261,Timizart,DZ,2022-03-10 17:05:39,36.8,4.2667,58.06,67,100,7.4,overcast clouds
262,Simao,CN,2022-03-10 17:05:39,22.7886,100.9748,63.73,37,7,0.31,clear sky
263,Korla,CN,2022-03-10 17:05:39,41.7597,86.1469,51.94,31,75,3.47,broken clouds
264,Porto Novo,BJ,2022-03-10 17:05:40,6.4965,2.6036,86.59,70,100,11.25,overcast clouds
265,Torbay,CA,2022-03-10 17:05:41,47.6666,-52.7314,34.88,73,100,3.0,overcast clouds
266,Fare,PF,2022-03-10 17:05:41,-16.7,-151.0167,80.73,72,56,11.95,broken clouds
267,Bengkulu,ID,2022-03-10 17:05:42,-3.8004,102.2655,76.39,91,100,6.02,overcast clouds
268,Waw,SS,2022-03-10 17:05:42,7.7029,27.9953,97.92,19,100,5.39,overcast clouds
269,Shimoda,JP,2022-03-10 17:05:43,34.6667,138.95,51.24,62,48,5.21,scattered clouds
270,Abu Samrah,SY,2022-03-10 17:05:43,35.3029,37.1841,46.67,87,100,15.86,overcast clouds
271,Camacupa,AO,2022-03-10 17:05:44,-12.0167,17.4833,70.83,73,35,3.8,scattered clouds
272,Mehran,IR,2022-03-10 17:05:44,33.1222,46.1646,73.2,38,100,9.15,overcast clouds
273,Belaya Gora,RU,2022-03-10 17:06:44,68.5333,146.4167,-18.81,100,98,2.59,overcast clouds
274,Oskemen,KZ,2022-03-10 17:06:45,49.9565,82.6119,18.95,96,100,4.23,light snow
275,Lazaro Cardenas,MX,2022-03-10 17:03:14,17.9583,-102.2,80.94,45,0,5.01,clear sky
276,Malabo,GQ,2022-03-10 17:06:46,3.75,8.7833,81.59,78,100,7.94,overcast clouds
277,Seydi,TM,2022-03-10 17:06:46,39.4816,62.9137,65.43,44,94,9.51,overcast clouds
278,Tha Chang,TH,2022-03-10 17:06:46,9.2642,99.1922,77.86,81,100,3.06,overcast clouds
279,Marathon,US,2022-03-10 17:06:47,44.9,-89.7668,16.84,50,0,10.36,clear sky
280,Haines Junction,CA,2022-03-10 16:57:42,60.7522,-137.5108,13.95,73,100,3.44,overcast clouds
281,Dumai,ID,2022-03-10 17:06:48,1.6833,101.45,73.67,97,74,3.22,broken clouds
282,Victoria,HK,2022-03-10 16:54:18,22.2855,114.1577,70.18,76,0,11.01,clear sky
283,Avera,US,2022-03-10 17:06:48,33.194,-82.5271,58.51,91,100,3.83,overcast clouds
284,Batemans Bay,AU,2022-03-10 17:06:49,-35.7167,150.1833,56.1,90,10,4.18,clear sky
285,Wanning,CN,2022-03-10 17:06:49,18.8003,110.3967,70.79,90,82,6.62,broken clouds
286,Saryozek,KZ,2022-03-10 17:06:49,44.3583,77.9753,37.29,76,84,4.18,broken clouds
287,Bad Driburg,DE,2022-03-10 17:06:50,51.7333,9.0167,53.49,60,55,10.09,broken clouds
288,Northam,GB,2022-03-10 17:06:50,51.0333,-4.2167,51.62,62,42,13.94,scattered clouds
289,Zhangjiakou,CN,2022-03-10 17:06:51,40.81,114.8794,48.58,40,98,3.8,overcast clouds
290,Pacific Grove,US,2022-03-10 17:06:51,36.6177,-121.9166,57.42,77,2,4.0,clear sky
291,Nassau,US,2022-03-10 17:06:52,40.7507,-73.5829,47.88,65,0,6.91,clear sky
292,Norwich,GB,2022-03-10 17:02:04,52.6278,1.2983,57.02,67,0,12.66,clear sky
293,Bethel,US,2022-03-10 17:06:52,41.3712,-73.414,47.17,79,20,3.0,few clouds
294,Caravelas,BR,2022-03-10 17:06:53,-17.7125,-39.2481,82.6,66,99,7.02,overcast clouds
295,Brae,GB,2022-03-10 17:06:53,60.3964,-1.353,46.99,87,100,28.16,overcast clouds
296,Delanggu,ID,2022-03-10 17:06:54,-7.6167,110.6833,74.79,89,95,2.86,moderate rain
297,Kangasala,FI,2022-03-10 17:06:54,61.4638,24.076,34.14,82,100,13.0,overcast clouds
298,Cockburn Town,TC,2022-03-10 17:06:55,21.4612,-71.1419,77.92,77,0,19.44,clear sky
299,Rimbey,CA,2022-03-10 17:04:18,52.6334,-114.2353,11.62,87,99,16.87,overcast clouds
300,Saint-Augustin,CA,2022-03-10 17:06:55,51.226,-58.6502,28.53,84,100,15.82,overcast clouds
301,Grand Baie,MU,2022-03-10 17:06:56,-20.0182,57.5802,79.45,86,3,1.99,clear sky
302,Powell,US,2022-03-10 17:06:56,40.1578,-83.0752,49.8,58,40,4.61,scattered clouds
303,Ingham,US,2022-03-10 17:06:56,42.6,-84.3833,36.84,59,75,5.75,broken clouds
304,Whithorn,JM,2022-03-10 17:06:57,18.2604,-78.0378,81.66,46,0,4.65,clear sky
305,Kabansk,RU,2022-03-10 17:06:57,52.0486,106.6528,10.4,93,61,2.95,broken clouds
306,Grindavik,IS,2022-03-10 17:06:58,63.8424,-22.4338,41.47,93,75,10.36,broken clouds
307,Te Anau,NZ,2022-03-10 17:06:58,-45.4167,167.7167,55.22,83,100,2.62,overcast clouds
308,Kankon,IN,2022-03-10 17:06:59,15.0167,74.0167,79.25,80,1,3.51,clear sky
309,Oktyabrskiy,RU,2022-03-10 17:07:00,54.4815,53.471,4.86,100,96,5.68,overcast clouds
310,Arvika,SE,2022-03-10 17:07:00,59.6553,12.5852,32.61,93,51,2.77,broken clouds
311,Cairns,AU,2022-03-10 17:07:00,-16.9167,145.7667,80.55,82,99,10.36,overcast clouds
312,Pahrump,US,2022-03-10 17:07:01,36.2083,-115.9839,50.25,27,65,24.0,broken clouds
313,Egvekinot,RU,2022-03-10 17:07:02,66.3167,-179.1667,6.64,66,0,16.73,clear sky
314,Vazhiny,RU,2022-03-10 17:07:02,60.9644,34.0222,19.35,90,91,8.93,overcast clouds
315,Le Mars,US,2022-03-10 17:07:02,42.7942,-96.1656,26.11,36,0,8.05,clear sky
316,Khorixas,NA,2022-03-10 17:07:03,-20.3667,14.9667,89.96,29,59,4.65,broken clouds
317,Coalinga,US,2022-03-10 17:07:03,36.1397,-120.3602,57.45,36,0,10.22,clear sky
318,Katobu,ID,2022-03-10 17:07:04,-4.9408,122.5276,76.37,93,45,2.55,scattered clouds
319,Sitka,US,2022-03-10 17:07:04,57.0531,-135.33,42.69,61,100,10.36,overcast clouds
320,Ocampo,MX,2022-03-10 17:08:05,21.65,-101.5,65.55,18,20,17.94,few clouds
321,Padang,ID,2022-03-10 17:08:05,-0.9492,100.3543,77.97,85,100,3.65,moderate rain
322,Kostino,RU,2022-03-10 17:08:06,58.9097,53.2691,-0.11,98,63,4.16,broken clouds
323,Bambanglipuro,ID,2022-03-10 17:08:07,-7.95,110.2833,77.23,87,99,3.6,overcast clouds
324,Kanniyakumari,IN,2022-03-10 17:08:07,8.0833,77.5667,80.19,73,4,7.52,clear sky
325,Hare Bay,CA,2022-03-10 17:08:07,48.8499,-54.0148,27.19,64,100,12.21,overcast clouds
326,Harper,LR,2022-03-10 17:08:08,4.375,-7.7169,84.49,75,100,10.87,overcast clouds
327,Mairwa,IN,2022-03-10 17:08:08,26.2333,84.15,70.86,26,0,7.14,clear sky
328,Tabou,CI,2022-03-10 17:08:09,4.423,-7.3528,84.56,75,77,10.89,broken clouds
329,Buraydah,SA,2022-03-10 17:08:09,26.326,43.975,87.66,16,87,11.14,overcast clouds
330,Praia Da Vitoria,PT,2022-03-10 17:08:10,38.7333,-27.0667,59.76,71,100,20.89,overcast clouds
331,Kota Kinabalu,MY,2022-03-10 17:03:14,5.9749,116.0724,78.78,94,20,2.3,few clouds
332,Faya,SA,2022-03-10 17:08:10,18.3851,42.4509,66.72,51,41,6.78,scattered clouds
333,Katherine,AU,2022-03-10 17:08:11,-14.4667,132.2667,77.32,88,14,3.44,few clouds
334,Labuhan,ID,2022-03-10 17:08:11,-6.8844,112.2051,78.98,85,100,8.61,overcast clouds
335,Muisne,EC,2022-03-10 17:08:12,0.6,-80.0333,81.45,75,100,5.79,light rain
336,Rawson,AR,2022-03-10 17:08:12,-43.3002,-65.1023,64.56,49,38,14.47,scattered clouds
337,Komsomolskiy,UZ,2022-03-10 17:08:13,40.4272,71.7189,52.52,71,90,6.91,overcast clouds
338,West Helena,US,2022-03-10 17:08:13,34.5507,-90.6418,55.08,56,0,6.69,clear sky
339,Viedma,AR,2022-03-10 17:08:09,-40.8135,-62.9967,70.39,36,91,16.46,overcast clouds
340,Collie,AU,2022-03-10 17:08:14,-33.3667,116.15,71.02,47,86,7.81,overcast clouds
341,Kuressaare,EE,2022-03-10 17:08:15,58.2481,22.5039,31.95,82,0,8.99,clear sky
342,Nadym,RU,2022-03-10 17:08:15,65.5333,72.5167,-3.03,91,100,8.99,overcast clouds
343,Witu,KE,2022-03-10 17:08:16,-2.3889,40.4382,80.76,76,77,11.7,broken clouds
344,Wilmington,US,2022-03-10 17:08:16,34.2257,-77.9447,51.01,83,100,12.66,overcast clouds
345,Lamu,KE,2022-03-10 17:08:17,-2.2717,40.902,80.82,76,66,14.76,broken clouds
346,Itoman,JP,2022-03-10 17:08:17,26.1247,127.6694,68.02,52,100,9.22,overcast clouds
347,Heihe,CN,2022-03-10 17:08:18,50.2441,127.4902,26.47,82,98,13.24,overcast clouds
348,Manokwari,ID,2022-03-10 17:08:18,-0.8667,134.0833,77.85,82,77,2.62,broken clouds
349,Beringovskiy,RU,2022-03-10 17:08:19,63.05,179.3167,3.15,82,6,14.9,clear sky
350,Vanimo,PG,2022-03-10 17:08:20,-2.6741,141.3028,77.0,86,99,2.35,overcast clouds
351,Kalavad,IN,2022-03-10 17:08:20,22.2167,70.3833,80.04,40,0,8.86,clear sky
352,Bagdarin,RU,2022-03-10 17:08:20,54.4333,113.6,-7.1,93,4,5.14,clear sky
353,Port Hedland,AU,2022-03-10 17:08:21,-20.3167,118.5667,84.25,74,8,3.44,clear sky
354,Tayu,ID,2022-03-10 17:08:21,-6.5397,111.0518,75.99,89,70,4.7,broken clouds
355,Abha,SA,2022-03-10 17:08:22,18.2164,42.5053,66.45,64,0,6.91,clear sky
356,Kikwit,CD,2022-03-10 17:08:22,-5.041,18.8162,76.93,87,48,2.17,scattered clouds
357,Tirumullaivasal,IN,2022-03-10 17:08:23,11.2333,79.8333,77.36,73,22,9.8,few clouds
358,Vilyuysk,RU,2022-03-10 17:08:23,63.7553,121.6247,-27.29,100,83,1.86,broken clouds
359,Saint-Pierre,RE,2022-03-10 17:08:24,-21.3393,55.4781,80.28,78,0,14.97,clear sky
360,Stornoway,GB,2022-03-10 17:08:24,58.2093,-6.3865,44.92,76,20,19.57,few clouds
361,Presidencia Roque Saenz Pena,AR,2022-03-10 17:06:08,-26.7852,-60.4388,83.91,68,94,11.48,overcast clouds
362,Yumen,CN,2022-03-10 17:08:25,40.2833,97.2,44.04,33,28,1.25,scattered clouds
363,Bastia,FR,2022-03-10 17:08:25,42.6667,9.3333,53.4,75,20,3.44,few clouds
364,Humaita,BR,2022-03-10 17:08:26,-7.5061,-63.0208,82.51,79,92,2.46,overcast clouds
365,Bose,IT,2022-03-10 17:09:26,45.4612,8.0137,52.05,46,19,2.89,few clouds
366,Hamilton,US,2022-03-10 17:09:27,39.1834,-84.5333,51.94,48,0,1.99,clear sky
367,Sumter,US,2022-03-10 17:09:27,28.7086,-82.0831,79.02,54,85,9.84,overcast clouds
368,Boyolangu,ID,2022-03-10 17:09:28,-8.1181,111.8935,76.96,90,100,1.3,light rain
369,Norman Wells,CA,2022-03-10 17:09:28,65.282,-126.8329,-14.94,99,99,3.83,overcast clouds
370,Shihezi,CN,2022-03-10 17:09:29,44.3,86.0333,38.03,79,83,2.62,broken clouds
371,Tarko-Sale,RU,2022-03-10 17:09:29,64.9225,77.785,1.63,96,100,10.74,overcast clouds
372,Peleduy,RU,2022-03-10 17:09:29,59.6289,112.7406,4.71,97,100,2.82,overcast clouds
373,Banda Aceh,ID,2022-03-10 17:09:30,5.5577,95.3222,79.79,81,97,9.06,overcast clouds
374,Axim,GH,2022-03-10 17:09:30,4.8699,-2.2405,84.07,75,95,10.85,overcast clouds
375,Pangnirtung,CA,2022-03-10 17:09:31,66.1451,-65.7125,-6.68,86,99,2.64,overcast clouds
376,Maniitsoq,GL,2022-03-10 17:09:31,65.4167,-52.9,-1.43,83,57,1.36,broken clouds
377,Obregon,NI,2022-03-10 17:09:32,11.9566,-85.9636,89.69,44,3,10.96,clear sky
378,Gazli,UZ,2022-03-10 17:09:32,40.1333,63.45,65.21,46,100,13.42,overcast clouds
379,Touros,BR,2022-03-10 17:09:33,-5.1989,-35.4608,86.99,63,98,15.1,overcast clouds
380,Konya,TR,2022-03-10 17:09:08,38.1667,32.5,27.88,94,100,9.95,light snow
381,Hualmay,PE,2022-03-10 17:09:33,-11.0964,-77.6139,77.04,72,93,10.69,overcast clouds
382,Inhambane,MZ,2022-03-10 17:09:34,-23.865,35.3833,77.36,79,1,10.85,clear sky
383,Westport,US,2022-03-10 17:08:12,41.1415,-73.3579,48.43,63,0,6.91,clear sky
384,Dunedin,NZ,2022-03-10 17:09:34,-45.8742,170.5036,58.8,87,71,7.0,broken clouds
385,Nantucket,US,2022-03-10 17:09:35,41.2835,-70.0995,46.45,70,0,6.91,clear sky
386,Ahipara,NZ,2022-03-10 17:09:35,-35.1667,173.1667,62.65,90,16,5.95,few clouds
387,Luanda,AO,2022-03-10 17:09:36,-8.8368,13.2343,82.4,78,40,13.8,scattered clouds
388,Muyezerskiy,RU,2022-03-10 17:09:37,63.9333,31.65,29.34,86,98,16.91,overcast clouds
389,Bani,DO,2022-03-10 17:09:37,18.2833,-70.3333,85.44,52,3,15.84,clear sky
390,Bacolod,PH,2022-03-10 17:09:38,10.6667,122.95,78.31,86,88,5.06,overcast clouds
391,Olecko,PL,2022-03-10 17:09:38,54.0337,22.507,26.35,49,0,6.44,clear sky
392,Puerto Escondido,MX,2022-03-10 17:09:39,15.85,-97.0667,85.03,70,0,9.22,clear sky
393,Uruguaiana,BR,2022-03-10 17:09:39,-29.7547,-57.0883,71.53,88,100,5.75,moderate rain
394,La Asuncion,VE,2022-03-10 17:09:40,11.0333,-63.8628,77.72,80,99,9.35,overcast clouds
395,Brownsville,US,2022-03-10 17:09:22,25.9018,-97.4975,71.55,84,100,10.36,overcast clouds
396,Aykhal,RU,2022-03-10 17:09:40,66.0,111.5,0.46,99,100,3.83,overcast clouds
397,Leh,IN,2022-03-10 17:06:11,34.1667,77.5833,8.1,67,30,3.56,scattered clouds
398,Valdivia,CL,2022-03-10 17:06:58,-39.8142,-73.2459,68.09,47,7,3.33,clear sky
399,Upata,VE,2022-03-10 17:09:41,8.0086,-62.3989,78.28,72,93,4.25,overcast clouds
400,Abancay,PE,2022-03-10 17:09:42,-13.6339,-72.8814,65.89,70,96,2.64,overcast clouds
401,Troitskoye,RU,2022-03-10 17:09:42,52.9821,84.6757,10.44,92,100,8.43,overcast clouds
402,Zabid,YE,2022-03-10 17:09:43,14.1951,43.3152,81.79,53,84,11.36,broken clouds
403,Port Macquarie,AU,2022-03-10 17:09:43,-31.4333,152.9167,66.88,74,99,8.19,overcast clouds
404,Verkhnevilyuysk,RU,2022-03-10 17:09:44,63.4453,120.3167,-15.16,100,100,1.3,overcast clouds
405,Castellammare Del Golfo,IT,2022-03-10 17:09:44,38.0188,12.8858,54.72,74,1,5.73,clear sky
406,Oriximina,BR,2022-03-10 17:09:45,-1.7656,-55.8661,78.71,83,100,1.81,overcast clouds
407,Carballo,ES,2022-03-10 17:09:45,43.213,-8.691,59.54,84,80,13.51,broken clouds
408,Gizo,SB,2022-03-10 17:09:46,-8.103,156.8419,81.99,75,84,4.52,broken clouds
409,Dieppe,FR,2022-03-10 17:09:46,49.75,1.1667,60.19,58,91,1.01,overcast clouds
410,Celestun,MX,2022-03-10 17:09:47,20.8667,-90.4,82.83,67,9,10.8,clear sky
411,Kahului,US,2022-03-10 17:10:47,20.8947,-156.47,76.84,77,20,8.99,few clouds
412,Mount Isa,AU,2022-03-10 17:10:47,-20.7333,139.5,85.77,25,64,8.05,light rain
413,Bowling Green,US,2022-03-10 17:10:48,36.9903,-86.4436,53.53,52,0,8.05,clear sky
414,Tonantins,BR,2022-03-10 17:10:48,-2.8731,-67.8022,86.86,63,64,4.03,broken clouds
415,Lusambo,CD,2022-03-10 17:10:49,-4.9667,23.45,75.27,85,96,3.58,light rain
416,Alugan,PH,2022-03-10 17:10:49,12.2188,125.4808,78.89,87,79,11.97,broken clouds
417,Natal,BR,2022-03-10 17:10:50,-5.795,-35.2094,88.45,62,40,16.11,scattered clouds
418,Todos Santos,MX,2022-03-10 17:10:50,23.45,-110.2167,64.44,46,5,7.14,clear sky
419,Posse,BR,2022-03-10 17:10:51,-14.0931,-46.3694,83.44,51,100,1.7,overcast clouds
420,San Patricio,US,2022-03-10 17:10:51,28.017,-97.5169,68.16,63,46,7.9,scattered clouds
421,Abashiri,JP,2022-03-10 17:10:52,44.0213,144.2697,28.94,87,22,6.67,few clouds
422,Auki,SB,2022-03-10 17:10:52,-8.7676,160.7034,77.09,86,30,2.08,scattered clouds
423,Les Cayes,HT,2022-03-10 17:10:53,18.2,-73.75,83.62,60,1,11.83,clear sky
424,Port-Gentil,GA,2022-03-10 17:10:53,-0.7193,8.7815,80.51,75,82,13.4,broken clouds
425,Porto Velho,BR,2022-03-10 17:10:54,-8.7619,-63.9039,86.05,70,75,6.91,broken clouds
426,Hays,US,2022-03-10 17:10:54,30.0502,-98.0336,63.3,54,0,4.0,clear sky
427,Senanga,ZM,2022-03-10 17:10:55,-16.1167,23.2667,70.34,82,88,3.33,light rain
428,Washim,IN,2022-03-10 17:10:55,20.1,77.15,84.76,26,97,6.62,overcast clouds
429,Adrar,MR,2022-03-10 17:10:56,20.5022,-10.0711,86.11,7,0,15.32,clear sky
430,Kondinskoye,RU,2022-03-10 17:10:56,59.6481,67.41,-18.92,100,42,3.51,scattered clouds
431,Caimito,CO,2022-03-10 17:10:57,8.8123,-75.4107,88.9,52,5,6.26,clear sky
432,Cowra,AU,2022-03-10 17:10:57,-33.8333,148.6833,58.71,74,2,7.87,clear sky
433,Plouzane,FR,2022-03-10 17:10:58,48.3833,-4.6167,52.12,64,20,16.11,few clouds
434,Lata,PT,2022-03-10 17:10:58,40.1629,-8.3327,58.82,79,96,9.78,overcast clouds
435,Pudozh,RU,2022-03-10 17:10:59,61.8099,36.5345,20.1,91,100,8.72,overcast clouds
436,Oskarshamn,SE,2022-03-10 17:10:59,57.2645,16.4484,33.98,70,78,11.16,broken clouds
437,Ketchikan,US,2022-03-10 17:11:00,55.3422,-131.6461,37.38,93,100,10.36,light rain
438,Bonavista,CA,2022-03-10 17:11:00,48.6499,-53.1147,30.04,74,100,14.81,overcast clouds
439,Shitanjing,CN,2022-03-10 17:11:00,39.2342,106.3439,50.9,32,59,5.01,broken clouds
440,Laguna,US,2022-03-10 17:11:01,38.421,-121.4238,58.08,35,0,17.27,clear sky
441,Labrea,BR,2022-03-10 17:11:01,-7.2586,-64.7981,79.72,87,100,1.52,overcast clouds
442,Rio Gallegos,AR,2022-03-10 17:11:02,-51.6226,-69.2181,59.05,44,20,10.36,few clouds
443,Orange,US,2022-03-10 17:08:38,33.7,-117.7675,63.28,71,75,3.44,broken clouds
444,Ayan,RU,2022-03-10 17:11:02,56.45,138.1667,9.27,81,100,5.3,overcast clouds
445,Kargasok,RU,2022-03-10 17:11:03,59.0556,80.8572,-21.6,100,29,5.08,scattered clouds
446,Valparaiso,CL,2022-03-10 17:08:36,-33.0393,-71.6273,79.03,38,0,13.8,clear sky
447,Lanzhou,CN,2022-03-10 17:08:01,36.0564,103.7922,57.04,38,34,3.62,scattered clouds
448,Santa Rosa,PH,2022-03-10 17:07:34,14.3122,121.1114,81.1,79,93,7.7,overcast clouds
449,Delitzsch,DE,2022-03-10 17:11:04,51.5333,12.35,47.34,61,0,17.27,clear sky
450,Birjand,IR,2022-03-10 17:11:05,32.8663,59.2211,67.32,34,76,7.25,broken clouds
451,Kolpashevo,RU,2022-03-10 17:11:05,58.3131,82.9089,-16.73,100,92,4.9,overcast clouds
452,Sambava,MG,2022-03-10 17:11:06,-14.2667,50.1667,78.98,87,91,3.62,light rain
453,Mahibadhoo,MV,2022-03-10 17:11:06,3.7833,72.9667,83.16,70,1,10.07,clear sky
454,Paamiut,GL,2022-03-10 17:11:06,61.994,-49.6678,10.45,75,4,15.64,clear sky
455,Port Lincoln,AU,2022-03-10 17:12:07,-34.7333,135.8667,60.33,79,35,12.17,scattered clouds
456,Ayr,GB,2022-03-10 17:12:07,55.4627,-4.6339,51.31,71,20,17.27,few clouds
457,Kautokeino,NO,2022-03-10 17:12:08,69.0125,23.0412,16.57,85,51,9.24,broken clouds
458,Point Pleasant,US,2022-03-10 17:12:08,40.0832,-74.0682,49.1,65,0,5.01,clear sky
459,Milkovo,RU,2022-03-10 17:12:09,54.7167,158.6167,24.66,97,100,4.29,light snow
460,Guane,CU,2022-03-10 17:12:09,22.2025,-84.0875,86.4,53,18,14.32,few clouds
461,Santarem,BR,2022-03-10 17:09:15,-2.4431,-54.7083,82.53,83,75,3.44,light rain
462,Dingle,PH,2022-03-10 17:12:10,10.9995,122.6711,75.69,94,72,6.69,broken clouds
463,Gubkinskiy,RU,2022-03-10 17:12:10,64.434,76.5026,0.68,95,100,13.49,overcast clouds
464,Nanakuli,US,2022-03-10 17:12:11,21.3906,-158.1547,74.71,91,0,3.44,clear sky
465,Odesskoye,RU,2022-03-10 17:11:52,54.2111,72.9651,3.87,96,98,6.71,overcast clouds
466,Batagay-Alyta,RU,2022-03-10 17:12:12,67.8006,130.4114,-16.35,87,95,3.83,overcast clouds
467,Kandrian,PG,2022-03-10 17:12:12,-6.2167,149.55,76.08,93,100,5.3,moderate rain
468,Kasane,BW,2022-03-10 17:12:12,-17.8167,25.15,69.53,92,85,5.68,moderate rain
469,Tuatapere,NZ,2022-03-10 17:12:13,-46.1333,167.6833,58.55,78,100,6.96,overcast clouds
470,Mount Gambier,AU,2022-03-10 17:12:13,-37.8333,140.7667,51.75,90,0,4.83,clear sky
471,Great Bend,US,2022-03-10 17:12:14,38.3645,-98.7648,20.84,83,100,16.11,overcast clouds
472,Aliwal North,ZA,2022-03-10 17:12:14,-30.6937,26.7114,75.61,39,94,6.38,overcast clouds
473,Saskylakh,RU,2022-03-10 17:12:15,71.9167,114.0833,-33.93,100,63,3.11,broken clouds
474,Port Blair,IN,2022-03-10 17:12:15,11.6667,92.75,81.32,79,40,3.91,scattered clouds
475,Demyansk,RU,2022-03-10 17:12:16,57.643,32.466,14.83,92,42,1.1,scattered clouds
476,Dakoro,NE,2022-03-10 17:12:16,14.5106,6.765,94.91,11,22,10.45,few clouds
477,Guerrero Negro,MX,2022-03-10 17:12:17,27.9769,-114.0611,62.71,51,0,6.55,clear sky
478,Rudbar,AF,2022-03-10 17:12:17,30.15,62.6,81.86,19,39,6.44,scattered clouds
479,Talavera De La Reina,ES,2022-03-10 17:09:01,39.9635,-4.8308,58.77,53,96,6.06,overcast clouds
480,Zaysan,KZ,2022-03-10 17:12:18,47.4667,84.8667,26.98,89,92,2.33,overcast clouds
481,Buchanan,LR,2022-03-10 17:12:19,5.8808,-10.0467,84.49,76,74,12.21,broken clouds
482,Nishihara,JP,2022-03-10 17:12:19,26.1842,127.7558,67.28,52,100,9.22,overcast clouds
483,Pisco,PE,2022-03-10 17:12:20,-13.7,-76.2167,77.05,65,0,10.36,clear sky
484,Okha,RU,2022-03-10 17:12:20,53.5739,142.9478,5.32,98,77,6.85,broken clouds
485,Svetlogorsk,BY,2022-03-10 17:12:21,52.6333,29.7333,20.73,64,3,13.49,clear sky
486,Cam Ranh,VN,2022-03-10 17:12:21,11.9214,109.1591,75.16,69,20,6.91,few clouds
487,Concordia,AR,2022-03-10 17:12:22,-31.393,-58.0209,73.47,64,75,11.5,broken clouds
488,Timra,SE,2022-03-10 17:12:22,62.487,17.3257,38.88,56,0,9.22,clear sky
489,Griffith,US,2022-03-10 17:12:23,41.5284,-87.4237,34.3,72,100,10.36,overcast clouds
490,Masvingo,ZW,2022-03-10 17:12:24,-20.0637,30.8277,73.24,45,36,6.71,scattered clouds
491,Walvis Bay,NA,2022-03-10 17:12:24,-22.9575,14.5053,63.09,78,38,13.85,scattered clouds
492,Charyshskoye,RU,2022-03-10 17:12:25,51.3978,83.5598,18.03,96,100,2.15,light snow
493,Tayshet,RU,2022-03-10 17:12:25,55.9342,98.0044,-8.81,100,31,1.52,scattered clouds
494,Kartuzy,PL,2022-03-10 17:12:26,54.3342,18.1974,34.77,53,0,5.75,clear sky
495,Qaqortoq,GL,2022-03-10 17:12:26,60.7167,-46.0333,8.62,65,0,3.4,clear sky
496,Tessalit,ML,2022-03-10 17:12:26,20.1986,1.0114,88.84,7,36,7.67,scattered clouds
497,Dali,CN,2022-03-10 17:12:09,25.7,100.1833,55.49,54,4,5.57,clear sky
498,Diffa,NE,2022-03-10 17:12:27,13.3154,12.6113,90.66,13,28,10.74,scattered clouds
499,Shaowu,CN,2022-03-10 17:12:28,27.3409,117.4831,58.62,83,2,0.74,clear sky
500,Aquiraz,BR,2022-03-10 17:12:28,-3.9014,-38.3911,87.89,70,97,8.48,overcast clouds
501,Liaocheng,CN,2022-03-10 17:12:29,36.4439,115.9647,56.37,58,0,7.85,clear sky
502,San Jose De Guanipa,VE,2022-03-10 17:13:29,8.8872,-64.1651,85.66,49,95,12.1,overcast clouds
503,Koson,UZ,2022-03-10 17:13:29,39.0375,65.585,62.92,52,72,13.49,broken clouds
504,Khor,RU,2022-03-10 17:13:30,47.8861,134.9464,32.2,85,88,13.04,overcast clouds
505,Lensk,RU,2022-03-10 17:13:30,60.7253,114.9278,-4.09,100,100,3.02,overcast clouds
506,San Carlos De Bariloche,AR,2022-03-10 17:10:27,-41.1456,-71.3082,62.35,42,40,6.91,scattered clouds
507,Baghdad,IQ,2022-03-10 17:13:10,33.3406,44.4009,66.06,39,100,8.28,overcast clouds
508,Magrath,CA,2022-03-10 17:13:31,49.4167,-112.8686,20.03,64,99,11.7,overcast clouds
509,Margate,GB,2022-03-10 17:13:32,51.3813,1.3862,55.31,67,38,1.99,scattered clouds
510,Manali,IN,2022-03-10 17:13:32,13.1667,80.2667,82.08,81,11,6.08,few clouds
511,Mount Pleasant,US,2022-03-10 17:11:34,32.7941,-79.8626,58.98,100,0,9.22,mist
512,Jalu,LY,2022-03-10 17:13:33,29.0331,21.5482,57.43,39,5,19.35,clear sky
513,Samsud,RO,2022-03-10 17:13:33,47.35,22.95,30.74,46,91,12.15,overcast clouds
514,Grabovo,RU,2022-03-10 17:13:34,53.3875,45.064,11.41,88,100,14.72,overcast clouds
515,Cocobeach,GA,2022-03-10 17:13:35,1.0002,9.5823,80.37,81,94,9.4,overcast clouds
516,Serebryansk,KZ,2022-03-10 17:13:35,49.6925,83.2892,20.01,96,100,5.32,light snow
517,Troitsko-Pechorsk,RU,2022-03-10 17:13:36,62.7084,56.1964,-9.06,100,26,2.53,scattered clouds
518,Mehamn,NO,2022-03-10 17:13:36,71.0357,27.8492,35.55,80,75,26.46,broken clouds
519,Montepuez,MZ,2022-03-10 17:13:37,-13.1256,38.9997,70.77,97,100,3.62,overcast clouds
520,Camacha,PT,2022-03-10 17:13:37,33.0833,-16.3333,63.82,63,20,8.05,few clouds
521,Mareeba,AU,2022-03-10 17:13:38,-17.0,145.4333,75.92,94,90,0.89,overcast clouds
522,Port Arthur,CN,2022-03-10 17:13:38,38.8,121.2667,41.22,83,2,5.39,clear sky
523,Gushikawa,JP,2022-03-10 17:13:39,26.3544,127.8686,67.23,55,100,5.75,overcast clouds
524,Coahuayana,MX,2022-03-10 17:13:39,18.7333,-103.6833,83.66,35,1,5.01,clear sky
525,Pinega,RU,2022-03-10 17:13:40,64.7001,43.3936,21.36,93,100,10.56,overcast clouds
526,Santa Isabel,BR,2022-03-10 17:13:40,-23.3156,-46.2214,87.51,39,92,1.92,overcast clouds
527,Gordeyevka,RU,2022-03-10 17:13:41,52.9569,31.9703,20.62,68,6,14.45,clear sky
528,Ekibastuz,KZ,2022-03-10 17:13:41,51.6667,75.3667,1.54,99,83,3.78,broken clouds
529,Campbell River,CA,2022-03-10 17:13:42,50.0163,-125.2446,38.44,45,100,1.14,overcast clouds
530,Palembang,ID,2022-03-10 17:13:42,-2.9167,104.7458,80.69,89,40,2.3,light rain
531,Kalmunai,LK,2022-03-10 17:13:43,7.4167,81.8167,77.88,81,52,4.83,broken clouds
532,Lima,PE,2022-03-10 17:10:13,-12.0432,-77.0282,74.39,71,0,4.61,clear sky
533,Yeppoon,AU,2022-03-10 17:13:43,-23.1333,150.7333,71.38,91,100,8.99,overcast clouds
534,Quatre Cocos,MU,2022-03-10 17:13:44,-20.2078,57.7625,79.09,82,2,8.9,clear sky
535,Scottsbluff,US,2022-03-10 17:12:49,41.8666,-103.6672,14.77,75,0,3.44,clear sky
536,Yerbogachen,RU,2022-03-10 17:13:44,61.2767,108.0108,-18.38,100,87,4.72,overcast clouds
537,Ajaccio,FR,2022-03-10 17:13:27,42.0,8.9167,51.78,47,0,6.91,clear sky
538,Atar,MR,2022-03-10 17:13:45,20.5169,-13.0499,90.23,6,0,13.67,clear sky
539,Kichera,RU,2022-03-10 17:13:46,55.9375,110.0997,2.25,95,92,1.57,overcast clouds
540,Tiznit,MA,2022-03-10 17:13:46,29.5833,-9.5,63.55,49,0,8.52,clear sky
541,Kushiro,JP,2022-03-10 17:12:22,42.975,144.3747,32.18,75,3,1.9,clear sky
542,Agirish,RU,2022-03-10 17:13:47,61.9247,63.0231,-11.25,100,84,3.49,broken clouds
543,Eyl,SO,2022-03-10 17:13:47,7.9803,49.8164,77.07,67,97,13.78,overcast clouds
544,Neiafu,TO,2022-03-10 17:13:48,-18.65,-173.9833,81.28,83,75,10.36,broken clouds
545,Nombre De Dios,MX,2022-03-10 17:13:48,23.85,-104.2333,62.15,6,35,8.72,scattered clouds
546,Erenhot,CN,2022-03-10 17:14:49,43.6475,111.9767,30.92,63,100,10.38,overcast clouds
547,Bandarbeyla,SO,2022-03-10 17:14:49,9.4942,50.8122,78.48,66,100,11.5,overcast clouds
548,Waipawa,NZ,2022-03-10 17:14:50,-41.4122,175.5153,52.79,91,7,6.42,clear sky
549,Doha,QA,2022-03-10 17:14:47,25.2867,51.5333,78.78,57,0,10.36,clear sky
550,Balabac,PH,2022-03-10 17:14:50,7.9868,117.0645,78.46,85,100,2.42,overcast clouds
551,Tautira,PF,2022-03-10 17:14:51,-17.7333,-149.15,80.85,72,92,12.3,overcast clouds
552,Cayenne,GF,2022-03-10 17:14:51,4.9333,-52.3333,85.08,60,75,14.97,broken clouds
553,Colares,PT,2022-03-10 17:14:52,38.7992,-9.4469,60.8,79,75,20.0,broken clouds
554,Kalanguy,RU,2022-03-10 17:14:52,51.0167,116.5167,0.9,94,10,4.32,clear sky
555,Sumbe,AO,2022-03-10 17:14:52,-11.2061,13.8437,79.81,82,79,7.18,light rain
556,Owase,JP,2022-03-10 17:14:53,34.0667,136.2,46.96,48,93,4.83,overcast clouds
557,Mmabatho,ZA,2022-03-10 17:14:53,-25.85,25.6333,73.36,64,20,3.44,few clouds
558,Xapuri,BR,2022-03-10 17:14:54,-10.6517,-68.5044,92.32,43,90,2.28,overcast clouds
559,Araouane,ML,2022-03-10 17:14:54,18.9048,-3.5265,90.32,5,4,7.72,clear sky
560,Okhotsk,RU,2022-03-10 17:14:54,59.3833,143.3,21.85,97,100,1.9,light snow
561,Kitgum,UG,2022-03-10 17:14:55,3.2783,32.8867,90.21,21,99,10.22,overcast clouds
562,Itarema,BR,2022-03-10 17:14:55,-2.9248,-39.9167,85.46,64,97,12.88,overcast clouds
563,Aloleng,PH,2022-03-10 17:14:56,16.1307,119.7824,78.12,78,89,8.61,overcast clouds
564,Ovalle,CL,2022-03-10 17:14:56,-30.5983,-71.2003,84.49,28,0,5.95,clear sky
565,Cap Malheureux,MU,2022-03-10 17:14:57,-19.9842,57.6142,79.47,86,2,3.0,clear sky
566,La Ronge,CA,2022-03-10 17:14:57,55.1001,-105.2842,-5.55,54,100,19.57,overcast clouds
567,Itaituba,BR,2022-03-10 17:14:57,-4.2761,-55.9836,81.05,82,97,3.8,overcast clouds
568,Tarata,BO,2022-03-10 17:14:58,-17.6167,-66.0167,78.22,40,48,2.37,scattered clouds
569,Ulladulla,AU,2022-03-10 17:14:58,-35.35,150.4667,50.77,81,50,6.71,scattered clouds
570,Beloha,MG,2022-03-10 17:14:59,-25.1667,45.05,76.82,84,3,17.02,clear sky
571,Kavaratti,IN,2022-03-10 17:14:59,10.5669,72.642,82.62,73,0,10.67,clear sky
572,Tera,NE,2022-03-10 17:15:00,14.0078,0.7531,100.98,5,8,7.18,clear sky
573,Lar,IN,2022-03-10 17:15:00,26.2039,83.9717,71.62,27,0,7.02,clear sky
574,Puerto Del Rosario,ES,2022-03-10 17:15:01,28.5004,-13.8627,65.95,63,20,11.5,few clouds
575,Lasa,IT,2022-03-10 17:15:01,46.6166,10.7002,42.69,75,0,2.33,clear sky
576,Melito Di Porto Salvo,IT,2022-03-10 17:15:02,37.9222,15.7714,56.23,67,20,12.66,few clouds
577,Pringsewu,ID,2022-03-10 17:15:02,-5.3582,104.9744,74.08,98,99,2.21,overcast clouds
578,Makakilo City,US,2022-03-10 17:15:03,21.3469,-158.0858,73.29,88,0,3.44,clear sky
579,Deputatskiy,RU,2022-03-10 17:15:03,69.3,139.9,-11.49,92,100,1.12,overcast clouds
580,Shumyachi,RU,2022-03-10 17:15:04,53.8583,32.4242,16.07,84,9,10.31,clear sky
581,Tyret Pervaya,RU,2022-03-10 17:15:05,53.6703,102.3106,2.03,97,98,1.68,overcast clouds
582,Kadoshkino,RU,2022-03-10 17:15:05,54.0257,44.4191,8.56,87,44,16.98,scattered clouds
583,San Quintin,MX,2022-03-10 17:15:06,30.4833,-115.95,58.41,72,34,6.85,scattered clouds
584,Kununurra,AU,2022-03-10 17:15:06,-15.7667,128.7333,78.78,94,79,0.0,broken clouds
585,Nizwa,OM,2022-03-10 17:15:07,22.9333,57.5333,82.06,21,1,2.48,clear sky
586,Thinadhoo,MV,2022-03-10 17:15:07,0.5333,72.9333,82.8,64,10,4.99,clear sky
587,Morondava,MG,2022-03-10 17:15:08,-20.2833,44.2833,84.27,76,92,10.29,overcast clouds
588,Dutlwe,BW,2022-03-10 17:15:08,-23.9833,23.9,81.84,38,77,6.46,broken clouds
589,Mersing,MY,2022-03-10 17:15:09,2.4312,103.8405,78.1,88,87,8.21,overcast clouds
590,Pathein,MM,2022-03-10 17:15:10,16.7833,94.7333,76.77,71,71,8.08,broken clouds
591,Borshchiv,UA,2022-03-10 17:15:10,48.8033,26.0435,25.02,59,100,10.31,overcast clouds
592,Baykit,RU,2022-03-10 17:15:11,61.67,96.37,-18.96,100,66,3.04,broken clouds
593,Grenville,GD,2022-03-10 17:15:11,12.1167,-61.6167,84.25,81,89,16.44,overcast clouds
594,Platonovka,RU,2022-03-10 17:16:12,52.7106,41.952,12.85,88,100,19.06,overcast clouds
595,Acazulco,MX,2022-03-10 17:16:12,19.2667,-99.4333,66.99,25,0,6.91,clear sky
596,Fenelon Falls,CA,2022-03-10 17:16:13,44.5334,-78.7496,35.1,78,100,6.55,overcast clouds
597,Filingue,NE,2022-03-10 17:16:13,14.3521,3.3168,100.71,10,2,1.86,clear sky
598,Jishou,CN,2022-03-10 17:16:14,28.3167,109.7167,64.49,78,14,2.53,few clouds
599,Kaeo,NZ,2022-03-10 17:16:14,-35.1,173.7833,66.33,79,67,7.52,broken clouds
600,Nastola,FI,2022-03-10 17:16:15,60.95,25.9333,30.83,89,99,10.04,overcast clouds
601,Luderitz,NA,2022-03-10 17:16:15,-26.6481,15.1594,74.71,65,26,11.34,scattered clouds
602,Rundu,NA,2022-03-10 17:16:16,-17.9333,19.7667,71.08,81,93,5.14,light rain
603,Banyo,CM,2022-03-10 17:16:16,6.75,11.8167,88.5,23,84,7.27,broken clouds
604,Gao,ML,2022-03-10 17:16:17,16.6362,1.637,95.13,5,39,6.11,scattered clouds
605,Bolshaya Glushitsa,RU,2022-03-10 17:16:17,50.2406,43.5908,21.76,94,100,11.92,light snow
606,Los Llanos De Aridane,ES,2022-03-10 17:16:18,28.6585,-17.9182,64.15,78,20,6.91,few clouds
607,Choluteca,HN,2022-03-10 17:16:18,13.3005,-87.1846,93.29,43,20,4.61,few clouds
608,Chengde,CN,2022-03-10 17:16:18,40.9725,117.9361,46.45,43,42,5.57,scattered clouds
609,Saint-Joseph,RE,2022-03-10 17:16:19,-21.3667,55.6167,79.18,83,25,10.07,scattered clouds
610,Rio Grande,BR,2022-03-10 17:16:20,-32.035,-52.0986,79.95,87,100,11.45,light rain
611,Gwadar,PK,2022-03-10 17:16:20,25.1216,62.3254,75.6,76,0,7.09,clear sky
612,Sao Miguel,BR,2022-03-10 17:16:21,-5.4667,-35.3667,88.57,64,95,16.37,overcast clouds
613,Junction City,US,2022-03-10 17:16:21,39.0286,-96.8314,21.56,84,100,14.97,light snow
614,Rafsanjan,IR,2022-03-10 17:16:22,30.4067,55.9939,70.95,27,72,16.84,broken clouds
615,Lompoc,US,2022-03-10 17:16:22,34.6391,-120.4579,59.56,71,0,10.36,clear sky
616,Ancud,CL,2022-03-10 17:16:23,-41.8697,-73.8203,60.22,75,84,5.57,broken clouds
617,Imbituba,BR,2022-03-10 17:16:23,-28.24,-48.6703,87.91,58,68,11.07,broken clouds
618,Mogadishu,SO,2022-03-10 17:12:53,2.0371,45.3438,78.71,78,79,22.62,broken clouds
619,Prince Rupert,CA,2022-03-10 17:12:26,54.3161,-130.3201,38.28,65,100,4.7,overcast clouds
620,Mumford,GH,2022-03-10 17:16:25,5.2618,-0.759,83.46,80,72,16.04,broken clouds
621,Solnechnyy,RU,2022-03-10 17:16:26,50.7214,136.6319,20.5,97,98,2.3,light snow
622,Dwarka,IN,2022-03-10 17:16:26,22.2394,68.9678,76.57,66,0,13.0,clear sky
623,Batsfjord,NO,2022-03-10 17:16:26,70.6345,29.7185,28.18,93,40,35.68,scattered clouds
624,Uvira,CD,2022-03-10 17:16:27,-3.4067,29.1458,76.82,80,87,6.33,light rain
625,Doba,TD,2022-03-10 17:16:27,8.65,16.85,100.27,14,52,4.59,broken clouds
626,Waddan,LY,2022-03-10 17:16:28,29.1614,16.139,58.12,32,30,11.3,scattered clouds
627,Manaia,NZ,2022-03-10 17:16:28,-39.55,174.1333,60.08,92,0,5.86,clear sky
628,Dakar,SN,2022-03-10 17:16:29,14.6937,-17.4441,85.08,68,0,13.8,clear sky
629,Russkaya Polyana,UA,2022-03-10 17:16:29,49.417,31.9201,21.07,63,81,18.45,broken clouds
630,Standerton,ZA,2022-03-10 17:16:30,-26.9337,29.2415,71.62,71,86,8.14,light rain
631,Jiazi,CN,2022-03-10 17:16:30,22.8779,116.067,65.39,79,0,3.83,clear sky
632,Aleksandro-Nevskiy,RU,2022-03-10 17:16:31,53.4751,40.2095,13.21,78,14,18.57,few clouds
633,Nioro,GM,2022-03-10 17:16:31,13.35,-15.75,101.1,7,74,6.11,broken clouds
634,Liverpool,GB,2022-03-10 17:16:31,53.4106,-2.9779,54.28,77,75,12.66,broken clouds
635,Chimala,TZ,2022-03-10 17:16:32,-8.85,34.0167,67.62,93,90,2.89,moderate rain
636,Havelock,US,2022-03-10 17:16:32,34.8791,-76.9013,49.95,92,100,3.0,light rain
637,Wahiawa,US,2022-03-10 17:16:33,21.5028,-158.0236,71.47,91,20,3.44,few clouds
638,Fengkou,CN,2022-03-10 17:16:33,30.0833,113.2667,66.09,69,44,6.82,scattered clouds
639,Suwalki,PL,2022-03-10 17:16:34,54.1118,22.9309,24.62,59,0,4.92,clear sky
640,Zeerust,ZA,2022-03-10 17:17:34,-25.5369,26.0751,75.02,55,99,3.4,overcast clouds
641,Estacion Coahuila,MX,2022-03-10 17:17:35,32.1939,-115.0017,64.31,40,1,5.12,clear sky
642,Maromitsa,RU,2022-03-10 17:17:35,59.8683,48.0123,0.14,99,95,3.65,overcast clouds
643,Pacifica,US,2022-03-10 17:17:36,37.6138,-122.4869,58.93,35,0,11.5,clear sky
644,Big Rapids,US,2022-03-10 17:13:06,43.6981,-85.4837,31.08,57,40,5.75,scattered clouds
645,Bonnyville,CA,2022-03-10 17:12:56,54.2668,-110.735,-1.64,81,93,15.21,overcast clouds
646,Gayeri,BF,2022-03-10 17:17:36,12.6497,0.4931,102.38,7,53,7.02,broken clouds
647,Prizren,XK,2022-03-10 17:15:43,42.2139,20.7397,31.64,82,99,4.88,overcast clouds
648,Dalhousie,IN,2022-03-10 17:17:37,32.5333,75.9833,47.28,52,22,7.18,few clouds
649,Sinnamary,GF,2022-03-10 17:17:37,5.3833,-52.95,80.47,80,81,10.85,broken clouds
650,Asosa,ET,2022-03-10 17:17:38,10.0667,34.5333,82.47,19,99,2.95,overcast clouds
651,Kupang,ID,2022-03-10 17:17:38,-10.1667,123.5833,77.86,89,77,4.92,broken clouds
652,Sosnovo-Ozerskoye,RU,2022-03-10 17:17:39,52.5249,111.5418,-5.71,96,13,4.29,few clouds
653,Hervey Bay,AU,2022-03-10 17:17:39,-25.2986,152.8535,75.02,87,100,7.0,overcast clouds
654,Labis,MY,2022-03-10 17:17:40,2.385,103.021,74.68,96,100,2.82,overcast clouds
655,Christchurch,NZ,2022-03-10 17:15:00,-43.5333,172.6333,61.95,91,100,9.22,overcast clouds
656,Pundaguitan,PH,2022-03-10 17:17:40,6.3711,126.1689,81.16,81,100,7.0,overcast clouds
657,Roseburg,US,2022-03-10 17:17:41,43.2165,-123.3417,42.51,98,100,0.0,overcast clouds
658,Worland,US,2022-03-10 17:17:41,44.0169,-107.9554,10.6,82,4,5.73,clear sky
659,Iracoubo,GF,2022-03-10 17:17:42,5.4802,-53.2011,80.53,78,64,10.27,broken clouds
660,Monroe,US,2022-03-10 17:13:15,43.1501,-77.6831,41.09,64,75,9.22,broken clouds
661,Auch,FR,2022-03-10 17:17:42,43.65,0.5833,57.43,74,81,5.99,broken clouds
662,Osakarovka,KZ,2022-03-10 17:17:43,50.565,72.5692,8.42,91,17,12.93,few clouds
663,Muros,ES,2022-03-10 17:13:05,42.7762,-9.0603,59.09,83,79,22.64,broken clouds
664,Luba,GQ,2022-03-10 17:17:43,3.4568,8.5547,80.98,83,100,7.96,overcast clouds
665,Bereda,ES,2022-03-10 17:17:44,43.2686,-7.5406,54.57,100,65,9.44,broken clouds
666,Gornopravdinsk,RU,2022-03-10 17:17:44,60.05,69.9,-14.35,100,98,2.51,overcast clouds
667,Usinsk,RU,2022-03-10 17:17:45,65.9939,57.5281,2.35,94,53,14.5,broken clouds
668,Washington,US,2022-03-10 17:14:52,47.5001,-120.5015,35.19,46,100,1.66,overcast clouds
669,Aksu,CN,2022-03-10 17:17:46,41.1231,80.2644,50.65,38,43,6.24,scattered clouds
670,Leshukonskoye,RU,2022-03-10 17:17:46,64.8989,45.7622,22.39,91,100,10.76,overcast clouds
671,Ubaitaba,BR,2022-03-10 17:17:47,-14.3125,-39.3233,89.91,48,26,6.53,scattered clouds
672,Arkhangelsk,RU,2022-03-10 17:17:47,64.5401,40.5433,19.51,79,75,4.47,broken clouds
673,Yar-Sale,RU,2022-03-10 17:17:48,66.8333,70.8333,-6.16,96,100,7.45,overcast clouds
674,Mandalgovi,MN,2022-03-10 17:17:48,45.7625,106.2708,28.11,38,2,5.26,clear sky
675,Kiama,AU,2022-03-10 17:14:36,-34.6833,150.8667,63.37,79,96,5.01,overcast clouds
676,San Antonio,US,2022-03-10 17:13:35,29.4241,-98.4936,65.19,50,0,10.36,clear sky
677,Brownwood,US,2022-03-10 17:17:49,31.7093,-98.9912,64.4,38,0,13.8,clear sky
678,Kolokani,ML,2022-03-10 17:17:50,13.5728,-8.0339,99.57,9,88,8.46,overcast clouds
679,Hede,CN,2022-03-10 17:17:50,33.7681,120.2517,57.24,73,99,2.15,overcast clouds
680,Atambua,ID,2022-03-10 17:14:31,-9.1061,124.8925,74.28,89,100,2.15,overcast clouds
681,Salalah,OM,2022-03-10 17:14:43,17.0151,54.0924,75.07,55,1,0.54,clear sky
682,Nortelandia,BR,2022-03-10 17:17:51,-14.4547,-56.8028,82.42,69,98,6.2,overcast clouds
683,Pokrovskoye,RU,2022-03-10 17:17:51,47.4157,38.8971,26.08,67,97,12.03,overcast clouds
684,Tiksi,RU,2022-03-10 17:17:52,71.6872,128.8694,-22.99,100,98,2.13,overcast clouds
685,Angoche,MZ,2022-03-10 17:17:52,-16.2325,39.9086,79.05,87,100,17.81,light rain
686,Lafia,NG,2022-03-10 17:17:52,8.4833,8.5167,103.23,11,47,5.06,scattered clouds
687,Rovnoye,RU,2022-03-10 17:18:53,50.7765,46.0509,22.59,95,100,15.79,light snow
688,Masuda,JP,2022-03-10 17:18:53,34.6667,131.85,47.7,49,96,6.33,overcast clouds
689,Seddon,AU,2022-03-10 17:18:54,-37.8068,144.8916,59.97,90,75,4.61,broken clouds
